,SeqNumber,TimeStamp,Pid,BidQty1,AskQty1,Bid1,Ask1
0,634843,1689642059.695233684,CCFG3,2,2,48.45,48.50
0,635180,1689642059.917261797,CCFG3,2,3,48.45,48.55
0,643592,1689642062.472770561,CCFG3,3,3,48.45,48.50
0,643853,1689642062.506760884,CCFG3,3,3,48.45,48.55
0,788151,1689642136.833122222,CCFG3,34,4,48.50,48.55
0,634656,1689642059.517927494,FYFG3,1,1,57.50,57.60
0,645083,1689642063.022515113,FYFG3,2,4,57.50,57.80
0,566376,1689642031.981455825,FYFG3,3,16,57.30,57.50
0,630408,1689642057.538807467,FYFG3,3,1,57.40,57.60
0,610967,1689642050.051352832,FYFG3,2,3,57.40,57.60
0,611138,1689642050.124913203,FYFG3,3,3,57.30,57.60
0,556214,1689642029.630571172,FYFG3,3,1,57.30,57.40
0,559335,1689642030.448626438,FYFG3,2,1,57.10,57.40
0,563793,1689642031.436741144,FYFG3,1,1,57.30,57.40
0,682309,1689642080.406806429,FYFG3,1,1,57.30,57.60
0,686140,1689642082.325018961,FYFG3,2,2,57.50,57.70
0,687506,1689642083.074332364,FYFG3,1,1,57.30,57.60
0,688735,1689642083.982001715,FYFG3,2,1,57.50,57.70
0,506978,1689642008.708428035,FYFG3,1,1,56.90,57.20
0,512222,1689642010.473477272,FYFG3,2,3,57.00,57.40
0,578107,1689642035.952539306,FYFG3,2,1,57.10,57.40
0,699833,1689642089.862579326,FYFG3,1,2,57.50,57.70
0,606625,1689642047.585153510,FYFG3,1,3,57.50,57.60
0,675642,1689642076.620655696,FYFG3,4,13,57.70,57.90
0,677882,1689642077.927397758,FYFG3,4,12,57.70,57.90
0,587875,1689642040.098826590,FYFG3,3,3,57.30,57.60
0,620736,1689642054.198078861,FYFG3,3,1,57.40,57.60
0,625834,1689642056.027868252,FYFG3,3,1,57.40,57.60
0,544136,1689642025.034017426,FYFG3,1,2,57.40,57.50
0,618684,1689642053.324243531,FYFG3,3,3,57.40,57.60
0,619939,1689642053.816133946,FYFG3,3,3,57.40,57.60
0,5207953,1689644735.130066205,FYFG3,1,1,54.40,54.60
0,490223,1689642000.804906077,FYFG3,4,1,56.60,57.10
0,494093,1689642002.575313481,FYFG3,4,1,56.60,57.40
0,499693,1689642005.092470013,FYFG3,2,2,56.80,57.40
0,5196883,1689644732.395894767,FYFG3,1,1,54.40,54.60
0,648562,1689642064.524866764,RKFG3,6,5,178.50,179.00
0,814332,1689642148.399439714,RKFG3,1,3,178.50,179.00
0,701653,1689642090.795986098,RKFG3,6,3,178.50,179.00
0,1774388,1689642747.228412425,RKFG3,25,2,181.00,181.50
0,674786,1689642076.223315824,RKFG3,6,4,178.50,179.00
0,539197,1689642022.793328893,RKFG3,1,3,178.50,179.00
0,1720325,1689642720.255518668,RKFG3,2,2,181.00,181.50
0,3943499,1689644299.093023250,RKFG3,1,1,177.00,177.50
0,2415817,1689643187.771971290,RKFG3,4,2,181.50,182.00
0,5916701,1689645059.515548444,RKFG3,3,2,172.00,172.50
0,3256418,1689643867.348519792,RKFG3,5,2,177.50,178.00
0,3919188,1689644289.086367415,RKFG3,1,1,177.00,178.00
0,1971322,1689642878.070508374,RKFG3,2,3,181.50,182.00
0,8240777,1689646635.343539394,RKFG3,2,4,175.50,176.00
0,10202143,1689649011.319391679,RKFG3,2,6,178.50,179.00
0,7288104,1689645891.123621350,RKFG3,3,2,174.50,175.00
0,9511991,1689648093.774252948,RKFG3,19,13,178.00,178.50
0,7159235,1689645817.243097193,RKFG3,2,2,175.00,175.50
0,7287836,1689645890.906678184,RKFG3,3,2,174.50,175.00
0,6306762,1689645257.140423029,RKFG3,1,10,175.50,176.50
0,7138867,1689645800.234664165,RKFG3,4,2,175.00,175.50
0,10471173,1689649332.848424119,RKFG3,1,12,179.50,180.00
0,13909429,1689654928.921649518,RKFG3,2,7,178.50,179.50
0,13912695,1689654933.999117759,RKFG3,3,7,178.50,179.50
0,12232893,1689651866.023501337,RKFG3,1,10,181.00,181.50
0,6755595,1689645507.796263901,RKFG3,2,1,176.00,176.50
0,12171088,1689651739.934253995,RKFG3,2,12,181.00,181.50
0,13044649,1689653377.813175617,RKFG3,2,8,177.50,178.00
0,651379,1689642065.774253687,RJFG3,1,1,40.40,40.45
0,1052059,1689642280.353325131,RJFG3,2,1,40.60,40.70
0,1362589,1689642470.005537129,RJFG3,5,23,41.05,41.15
0,1363855,1689642471.165804137,RJFG3,2,37,41.05,41.15
0,1477215,1689642554.364048122,RJFG3,1,1,40.85,40.90
0,1483116,1689642558.036952880,RJFG3,1,1,40.85,40.90
0,1271762,1689642410.914900215,RJFG3,1,17,40.85,41.00
0,1423966,1689642512.566774396,RJFG3,1,3,40.95,41.05
0,1424184,1689642512.795994743,RJFG3,1,1,40.95,41.00
0,1425758,1689642514.384923065,RJFG3,1,22,40.95,41.05
0,1503472,1689642573.475217669,RJFG3,1,1,40.65,40.75
0,1700409,1689642711.169886730,RJFG3,1,1,40.15,40.25
0,1402167,1689642496.005570883,RJFG3,2,4,41.00,41.10
0,1466974,1689642548.201033060,RJFG3,3,3,40.90,41.00
0,671623,1689642074.769360157,RJFG3,2,1,40.35,40.45
0,1065874,1689642288.395930981,RJFG3,2,18,40.55,40.70
0,1090986,1689642301.861171712,RJFG3,1,3,40.60,40.70
0,1094688,1689642303.808550494,RJFG3,1,3,40.60,40.70
0,1578634,1689642630.376784050,RJFG3,1,1,40.50,40.55
0,1712818,1689642715.376560234,RJFG3,16,3,40.15,40.30
0,2212915,1689643037.158752771,RJFG3,25,121,39.70,39.80
0,668529,1689642073.494650790,RJFG3,1,1,40.40,40.50
0,1063193,1689642287.586004604,RJFG3,2,18,40.55,40.70
0,1079686,1689642295.859223927,RJFG3,2,18,40.55,40.70
0,1698865,1689642710.934680428,RJFG3,17,1,40.10,40.20
0,1053324,1689642280.751122614,RJFG3,1,24,40.55,40.70
0,1415134,1689642506.667139764,RJFG3,23,8,41.00,41.10
0,1423419,1689642511.892696664,RJFG3,1,1,40.95,41.00
0,1345953,1689642457.209956550,RJFG3,1,18,41.05,41.15
0,1348975,1689642459.023976685,RJFG3,3,3,41.00,41.15
0,1353118,1689642462.082756456,RJFG3,5,6,41.00,41.10
0,1354774,1689642463.359927798,RJFG3,5,7,41.00,41.10
0,1356114,1689642464.583509649,RJFG3,5,6,41.00,41.10
0,1446027,1689642533.176224708,RJFG3,1,9,40.95,41.05
0,1309799,1689642431.949277861,RJFG3,2,15,41.00,41.10
0,1406472,1689642498.748193404,RJFG3,2,4,41.00,41.10
0,1489719,1689642563.156611696,RJFG3,2,5,40.80,40.90
0,1490468,1689642563.846576686,RJFG3,1,1,40.70,40.80
0,2175253,1689643014.228876748,RJFG3,2,211,39.75,39.85
0,2175784,1689643014.711962227,RJFG3,2,195,39.80,39.85
0,2176764,1689643015.079039041,RJFG3,9,190,39.80,39.85
0,4804707,1689644648.871387312,RJFG3,1,2,38.90,38.95
0,4882719,1689644676.903537225,RJFG3,16,1,38.95,39.00
0,5248890,1689644747.401876785,RJFG3,10,3,38.85,38.95
0,5254493,1689644749.084898519,RJFG3,9,3,38.85,38.90
0,6458216,1689645339.659580825,RJFG3,15,1,39.40,39.45
0,5163104,1689644726.003019802,RJFG3,20,3,38.85,38.95
0,5756791,1689644968.908574196,RJFG3,2,1,38.95,39.10
0,5487008,1689644839.028205116,RJFG3,4,4,38.80,38.85
0,11378028,1689650459.795819017,RJFG3,2,4,39.20,39.25
0,11673885,1689650837.247331852,RJFG3,1,1,39.20,39.30
0,15494476,1689657685.846508756,RJFG3,2,4,38.60,38.70
0,643049,1689642062.315307385,QYFG3,1,2,60.20,60.40
0,568746,1689642032.758899431,PVFG3,1,1,1890.00,1920.00
0,5890961,1689645043.235539993,PVFG3,1,1,1785.00,1810.00
0,570685,1689642033.481504910,GHFG3,3,1,301.00,301.50
0,2491514,1689643251.060091982,GHFG3,22,1,304.50,305.00
0,2603531,1689643343.437529491,GHFG3,3,5,302.50,303.00
0,2801024,1689643502.931420117,GHFG3,12,1,303.50,304.00
0,2737006,1689643456.861820280,GHFG3,3,5,304.50,305.00
0,3651397,1689644150.474142383,GHFG3,11,1,300.50,301.00
0,3651406,1689644150.517194472,GHFG3,11,6,300.50,301.50
0,3653539,1689644151.967690453,GHFG3,17,4,300.00,300.50
0,4734037,1689644620.903284047,GHFG3,21,1,293.50,294.00
0,3461490,1689644006.884995170,GHFG3,8,1,300.50,301.00
0,5213459,1689644736.345754079,GHFG3,1,5,291.00,292.00
0,5292839,1689644763.385693973,GHFG3,11,4,290.50,291.50
0,5673750,1689644930.242215231,GHFG3,6,4,288.00,288.50
0,6072951,1689645134.665882328,GHFG3,2,4,292.00,292.50
0,5742382,1689644963.495654591,GHFG3,12,6,287.50,288.50
0,5625740,1689644906.092617103,GHFG3,12,8,288.00,289.00
0,4599720,1689644551.141739616,GHFG3,5,5,295.50,296.00
0,4601371,1689644552.027159404,GHFG3,12,1,295.00,295.50
0,5452350,1689644824.309115070,GHFG3,3,1,291.50,292.00
0,6128764,1689645162.062331340,GHFG3,2,1,292.50,293.00
0,5175021,1689644728.438886255,GHFG3,4,4,290.50,291.50
0,5548112,1689644870.101656085,GHFG3,3,2,290.50,291.00
0,5933180,1689645066.895611817,GHFG3,3,2,288.50,289.00
0,5502711,1689644847.489314806,GHFG3,3,5,291.50,292.00
0,5813848,1689644997.797970954,GHFG3,8,1,287.50,288.00
0,5884835,1689645040.319641879,GHFG3,2,3,287.50,288.00
0,6011445,1689645111.391984717,GHFG3,6,5,290.00,291.00
0,4710335,1689644610.543935751,GHFG3,6,4,294.50,295.00
0,5720836,1689644953.902938327,GHFG3,6,1,287.50,288.00
0,5477114,1689644834.774629009,GHFG3,9,6,291.00,291.50
0,5565115,1689644881.033578580,GHFG3,11,3,289.50,290.00
0,3540660,1689644070.882543486,GHFG3,3,3,301.00,301.50
0,4540750,1689644524.044097484,GHFG3,9,6,295.00,296.00
0,5816052,1689644999.280078292,GHFG3,7,2,287.50,288.00
0,6095432,1689645145.119587718,GHFG3,1,4,292.50,293.00
0,4748605,1689644626.402678075,GHFG3,21,2,293.00,293.50
0,5277785,1689644758.107395910,GHFG3,20,3,290.50,291.50
0,5278180,1689644758.352334052,GHFG3,10,1,290.50,291.00
0,5676799,1689644931.262918428,GHFG3,12,2,287.00,287.50
0,5757921,1689644969.501448901,GHFG3,8,1,287.50,288.00
0,5746800,1689644965.206234043,GHFG3,7,3,287.50,288.00
0,5751213,1689644966.680634554,GHFG3,11,1,287.50,288.00
0,4626398,1689644566.162018161,GHFG3,5,3,295.00,295.50
0,5678597,1689644931.723118734,GHFG3,10,2,287.00,287.50
0,5681533,1689644933.012858944,GHFG3,11,2,287.00,287.50
0,5674821,1689644930.731419950,GHFG3,11,2,287.00,287.50
0,6126471,1689645161.289503204,GHFG3,2,3,292.50,293.00
0,5488258,1689644839.568333909,GHFG3,5,2,291.00,291.50
0,5779914,1689644979.579072382,GHFG3,12,9,287.50,288.50
0,5857637,1689645023.297688055,GHFG3,1,4,287.50,288.00
0,12896514,1689653173.761106135,GHFG3,1,5,306.00,306.50
0,14326409,1689655728.544290253,GHFG3,5,6,310.00,310.50
0,14835284,1689656579.021403736,GHFG3,4,5,312.50,313.50
0,14836301,1689656580.323306375,GHFG3,1,1,312.50,313.00
0,14836819,1689656580.820761328,GHFG3,1,6,312.50,313.50
0,14392231,1689655869.741758919,GHFG3,7,3,316.00,316.50
0,14517033,1689656054.317268236,GHFG3,8,5,316.50,317.00
0,14519966,1689656060.111825984,GHFG3,6,6,316.50,317.00
0,14852393,1689656603.932426993,GHFG3,7,2,311.50,312.50
0,14852794,1689656604.459300789,GHFG3,5,1,312.00,312.50
0,14855189,1689656606.985680536,GHFG3,8,1,312.00,313.00
0,14855305,1689656607.184173332,GHFG3,7,2,312.00,313.00
0,13104041,1689653455.340663420,GHFG3,1,5,306.00,306.50
0,12929911,1689653211.808059753,GHFG3,12,6,304.50,305.50
0,12930150,1689653211.907239202,GHFG3,12,6,304.50,305.50
0,14856688,1689656608.492257219,GHFG3,7,3,312.00,313.00
0,14857796,1689656610.216298871,GHFG3,7,2,312.00,313.00
0,14858244,1689656611.180939470,GHFG3,3,2,312.50,313.50
0,14665022,1689656339.137795322,GHFG3,3,5,314.50,315.50
0,14665370,1689656339.842487088,GHFG3,3,2,315.00,315.50
0,14667596,1689656344.285113238,GHFG3,1,3,315.00,315.50
0,12835283,1689653045.804743891,GHFG3,13,2,305.50,306.00
0,14837888,1689656581.333865916,GHFG3,1,2,312.50,313.00
0,14890046,1689656671.256629515,GHFG3,4,6,312.00,313.00
0,14890484,1689656672.132358815,GHFG3,2,2,312.00,312.50
0,14890961,1689656673.347541654,GHFG3,2,2,312.00,312.50
0,14891098,1689656673.540065482,GHFG3,4,4,311.50,312.50
0,14521926,1689656063.429650426,GHFG3,3,4,316.50,317.00
0,14898755,1689656688.231403680,GHFG3,4,5,311.00,311.50
0,14899012,1689656688.733193115,GHFG3,2,5,311.00,311.50
0,5934571,1689645067.763518727,GHFG3,6,1,288.00,288.50
0,12607181,1689652564.653813474,GHFG3,10,6,305.50,306.00
0,13504359,1689654143.234553255,GHFG3,1,6,304.00,304.50
0,14679159,1689656361.982582248,GHFG3,1,5,313.00,313.50
0,13466031,1689654080.318489649,GHFG3,3,2,304.00,304.50
0,13914098,1689654937.558455198,GHFG3,13,3,307.50,308.00
0,14893250,1689656678.226997287,GHFG3,3,5,311.50,312.00
0,14893409,1689656678.344831171,GHFG3,2,5,311.50,312.00
0,14893966,1689656678.973710335,GHFG3,3,4,311.50,312.00
0,14894285,1689656679.432927761,GHFG3,2,7,311.50,312.00
0,14895318,1689656681.102362313,GHFG3,8,6,311.00,312.00
0,14895454,1689656681.542497444,GHFG3,2,6,311.50,312.00
0,14896117,1689656683.054905217,GHFG3,3,6,311.50,312.00
0,14950884,1689656778.360627396,GHFG3,1,5,312.00,312.50
0,15079340,1689657013.887222439,GHFG3,1,5,310.00,310.50
0,13865855,1689654840.747864958,GHFG3,6,5,306.50,307.00
0,14353402,1689655789.291158676,GHFG3,3,17,314.00,314.50
0,14353809,1689655789.853265768,GHFG3,11,8,313.50,314.50
0,15045862,1689656955.670328759,GHFG3,2,7,311.50,312.00
0,14916068,1689656721.301531038,GHFG3,3,6,311.50,312.00
0,14967557,1689656808.890648874,GHFG3,2,4,312.00,312.50
0,15030128,1689656935.335123754,GHFG3,7,1,311.50,312.00
0,15030503,1689656935.991409918,GHFG3,6,2,311.50,312.00
0,15030711,1689656936.143879669,GHFG3,6,2,311.50,312.00
0,15031099,1689656937.053831801,GHFG3,6,2,311.50,312.00
0,12924546,1689653205.411177360,GHFG3,11,3,305.00,305.50
0,14899437,1689656689.818607192,GHFG3,1,5,311.00,311.50
0,14954241,1689656785.078225008,GHFG3,1,5,312.00,312.50
0,15015010,1689656903.820002449,GHFG3,7,14,312.00,312.50
0,15217928,1689657218.843490850,GHFG3,1,5,311.50,312.00
0,15089899,1689657028.390086756,GHFG3,4,4,310.00,310.50
0,15090515,1689657029.275446506,GHFG3,3,4,310.00,310.50
0,14859449,1689656611.864636021,GHFG3,3,1,313.00,313.50
0,14859866,1689656612.333790668,GHFG3,1,1,313.00,313.50
0,15020998,1689656916.849629834,GHFG3,9,15,311.50,312.50
0,14840127,1689656584.404337982,GHFG3,2,5,312.50,313.50
0,14840417,1689656584.922828893,GHFG3,4,2,312.00,312.50
0,15062431,1689656985.293819539,GHFG3,1,6,311.50,312.00
0,14891793,1689656674.755053089,GHFG3,4,1,311.50,312.00
0,15072117,1689657003.800608812,GHFG3,3,4,310.50,311.00
0,15369883,1689657487.583554320,GHFG3,3,6,311.50,312.00
0,15370614,1689657488.801271831,GHFG3,2,4,311.50,312.00
0,14347386,1689655776.925435280,GHFG3,7,1,313.00,313.50
0,14688946,1689656373.519781084,GHFG3,8,2,312.00,313.00
0,14831343,1689656573.935625244,GHFG3,2,1,312.00,313.00
0,14831611,1689656574.387385483,GHFG3,3,4,312.00,313.50
0,14832562,1689656575.354274733,GHFG3,4,10,313.00,314.00
0,14832900,1689656575.619234337,GHFG3,4,2,312.50,313.50
0,15063937,1689656989.439455984,GHFG3,7,6,311.00,312.00
0,14851152,1689656601.942650043,GHFG3,5,3,311.50,312.50
0,14851529,1689656602.622545915,GHFG3,5,2,311.50,312.50
0,14947095,1689656771.862416752,GHFG3,1,5,312.00,312.50
0,14976125,1689656827.480703807,GHFG3,1,4,312.00,312.50
0,14978389,1689656831.260531234,GHFG3,1,4,312.00,312.50
0,15224743,1689657230.384695066,GHFG3,12,5,311.00,311.50
0,15031783,1689656937.909333278,GHFG3,5,2,311.50,312.00
0,772688,1689642128.770348443,IPFG3,5,2,332.50,333.00
0,776515,1689642130.577269194,IPFG3,4,3,332.00,333.00
0,1043525,1689642276.829892241,IPFG3,3,2,337.00,337.50
0,2052207,1689642927.984707362,IPFG3,7,11,334.00,335.00
0,2057038,1689642930.702355134,IPFG3,7,10,334.00,335.00
0,2084441,1689642947.749500603,IPFG3,4,7,335.00,335.50
0,2328452,1689643124.990983142,IPFG3,11,1,334.00,334.50
0,1730239,1689642724.043948664,IPFG3,6,1,332.00,332.50
0,1731652,1689642724.371351631,IPFG3,1,9,332.50,333.00
0,1733202,1689642724.835560348,IPFG3,1,9,332.50,333.00
0,1736409,1689642726.203670359,IPFG3,1,6,332.50,333.00
0,1737249,1689642726.474323935,IPFG3,7,6,332.00,333.00
0,1781425,1689642752.036007758,IPFG3,3,4,333.50,334.00
0,1782370,1689642752.732793900,IPFG3,5,1,333.00,333.50
0,1782922,1689642753.175670552,IPFG3,10,3,333.00,333.50
0,1784254,1689642754.268489669,IPFG3,10,2,333.00,333.50
0,1786859,1689642755.876201915,IPFG3,8,2,333.00,333.50
0,1787239,1689642756.123127654,IPFG3,9,1,333.00,333.50
0,1787979,1689642756.973624015,IPFG3,9,3,333.00,333.50
0,1882089,1689642813.682625610,IPFG3,2,6,333.50,334.00
0,1148761,1689642335.127866426,IPFG3,4,3,335.50,336.00
0,1151125,1689642336.172141913,IPFG3,2,5,335.50,336.00
0,1220492,1689642376.367533589,IPFG3,2,4,335.50,336.00
0,1221628,1689642377.159494231,IPFG3,2,4,336.00,336.50
0,1744299,1689642728.725402406,IPFG3,2,4,333.00,333.50
0,1744485,1689642728.889854331,IPFG3,1,5,333.00,333.50
0,1746976,1689642730.141131190,IPFG3,3,6,333.00,333.50
0,1747385,1689642730.400760935,IPFG3,1,5,333.00,333.50
0,1927460,1689642845.102872667,IPFG3,10,8,332.50,333.50
0,1935250,1689642850.338323440,IPFG3,5,7,332.50,333.50
0,2028068,1689642913.159072989,IPFG3,4,5,333.00,333.50
0,488441,1689642000.169764612,IPFG3,4,2,327.00,328.00
0,749906,1689642118.348246321,IPFG3,4,1,331.50,332.00
0,1587502,1689642637.492784931,IPFG3,2,5,331.00,331.50
0,1588134,1689642638.011037399,IPFG3,6,5,330.50,331.50
0,1966085,1689642873.566903175,IPFG3,2,6,334.00,334.50
0,1866060,1689642803.691495926,IPFG3,9,4,334.00,334.50
0,2247282,1689643062.998006901,IPFG3,3,9,336.00,336.50
0,2364250,1689643146.895616299,IPFG3,15,3,333.50,334.00
0,1289973,1689642421.698501919,IPFG3,3,4,335.00,335.50
0,2389143,1689643166.216877168,IPFG3,4,3,335.00,335.50
0,2962463,1689643642.196095869,IPFG3,10,3,329.00,329.50
0,1170184,1689642345.960008471,IPFG3,3,3,335.50,336.00
0,1751423,1689642731.983539207,IPFG3,3,6,333.50,334.00
0,1878186,1689642811.347317396,IPFG3,16,4,333.50,334.00
0,1880617,1689642813.342670462,IPFG3,17,1,333.00,333.50
0,2106933,1689642962.612205834,IPFG3,9,7,335.00,336.00
0,2161687,1689643005.130933503,IPFG3,2,5,335.50,336.00
0,2968597,1689643648.214006740,IPFG3,17,1,328.50,329.00
0,2969044,1689643648.755305595,IPFG3,17,2,328.50,329.00
0,519480,1689642014.138398225,IPFG3,8,1,327.50,328.00
0,521196,1689642015.038655631,IPFG3,3,1,327.50,328.50
0,1097521,1689642305.021972463,IPFG3,5,2,334.50,335.00
0,1109699,1689642311.764784080,IPFG3,3,1,334.00,334.50
0,1110127,1689642312.056323027,IPFG3,4,15,334.00,335.00
0,1151695,1689642336.423348104,IPFG3,1,5,335.50,336.00
0,2934277,1689643619.406701567,IPFG3,6,2,329.50,330.00
0,3313255,1689643905.738161451,IPFG3,9,2,327.00,327.50
0,820688,1689642152.687690453,IPFG3,1,4,331.00,331.50
0,1694177,1689642710.121170053,IPFG3,3,6,330.00,330.50
0,1696575,1689642710.641785687,IPFG3,6,4,330.50,331.50
0,1699211,1689642710.980747499,IPFG3,2,2,330.50,331.00
0,2058070,1689642930.961334631,IPFG3,1,9,334.50,335.00
0,2060422,1689642931.906598189,IPFG3,1,9,334.50,335.00
0,2068876,1689642937.817302709,IPFG3,1,9,334.50,335.00
0,2069239,1689642938.142348920,IPFG3,1,9,334.50,335.00
0,2098281,1689642957.465818831,IPFG3,1,6,335.00,335.50
0,2100475,1689642959.107853612,IPFG3,7,10,335.00,336.00
0,1822313,1689642780.439578782,IPFG3,10,2,334.00,334.50
0,1823559,1689642780.857278702,IPFG3,11,7,334.00,335.00
0,3769482,1689644214.098805180,IPFG3,15,2,322.50,323.00
0,4079635,1689644358.509119408,IPFG3,2,7,320.50,321.00
0,1722102,1689642721.070798323,IPFG3,9,2,332.00,332.50
0,2047741,1689642924.820110509,IPFG3,1,7,334.00,334.50
0,3099420,1689643764.135647482,IPFG3,1,9,326.50,327.00
0,3099683,1689643764.388325157,IPFG3,1,9,326.50,327.00
0,3101680,1689643766.010302942,IPFG3,1,9,326.50,327.00
0,4527046,1689644518.812216617,IPFG3,6,2,319.00,319.50
0,4143736,1689644390.809078287,IPFG3,7,2,317.50,318.00
0,720689,1689642100.274776244,IPFG3,3,5,330.00,331.00
0,2250402,1689643064.860254042,IPFG3,2,14,336.50,337.00
0,3492457,1689644031.344266679,IPFG3,20,1,325.50,326.00
0,2413820,1689643185.779857712,IPFG3,16,7,332.50,333.50
0,2417810,1689643190.531489446,IPFG3,2,7,333.00,333.50
0,2616695,1689643356.466305680,IPFG3,1,5,331.50,332.00
0,3617369,1689644121.247813114,IPFG3,2,14,325.00,325.50
0,4165278,1689644400.132472928,IPFG3,6,2,317.00,317.50
0,5433818,1689644817.061796280,IPFG3,4,3,308.00,308.50
0,3788074,1689644224.429550198,IPFG3,1,5,323.00,323.50
0,4412854,1689644472.325182266,IPFG3,3,12,320.00,320.50
0,4415028,1689644472.609120453,IPFG3,2,11,320.00,320.50
0,4690423,1689644601.073585316,IPFG3,5,8,313.00,314.00
0,5211031,1689644735.794366804,IPFG3,2,2,313.00,313.50
0,5299639,1689644766.115957801,IPFG3,6,1,309.50,310.00
0,779374,1689642132.283306004,IPFG3,1,3,332.50,333.00
0,785400,1689642135.602304267,IPFG3,4,3,332.00,333.00
0,1414044,1689642505.751380357,IPFG3,3,5,333.50,334.00
0,1918952,1689642839.298353741,IPFG3,2,5,333.50,334.00
0,1922179,1689642840.938458098,IPFG3,1,6,333.50,334.00
0,2673590,1689643400.949654406,IPFG3,3,21,332.00,332.50
0,4187037,1689644407.163227152,IPFG3,9,15,319.00,320.00
0,4632683,1689644570.025642447,IPFG3,2,6,317.50,318.00
0,5628834,1689644907.681827946,IPFG3,5,1,308.50,309.00
0,3546472,1689644075.345050438,IPFG3,3,2,325.00,325.50
0,4027778,1689644337.321118447,IPFG3,3,3,321.50,322.00
0,3802958,1689644234.104668988,IPFG3,1,5,323.00,323.50
0,4558779,1689644531.848163277,IPFG3,6,2,318.50,319.00
0,4706123,1689644608.055445507,IPFG3,7,7,313.50,314.50
0,1906791,1689642830.838720004,IPFG3,16,8,332.50,333.00
0,5179171,1689644729.549651849,IPFG3,1,4,313.00,313.50
0,5928086,1689645064.522329771,IPFG3,6,5,308.50,309.50
0,4020525,1689644334.650853906,IPFG3,6,9,321.50,322.50
0,4762328,1689644631.835920661,IPFG3,2,9,315.50,316.00
0,5810031,1689644995.502595787,IPFG3,6,2,310.00,310.50
0,3118169,1689643780.106705155,IPFG3,3,8,326.50,327.00
0,4321520,1689644446.494110101,IPFG3,4,3,318.50,319.00
0,4717574,1689644613.477451540,IPFG3,2,5,314.00,314.50
0,4771776,1689644635.159950308,IPFG3,3,2,313.50,314.00
0,4775689,1689644636.803040235,IPFG3,5,1,313.50,314.00
0,4813821,1689644652.593265125,IPFG3,3,3,315.50,316.00
0,5464613,1689644829.596626735,IPFG3,2,1,305.50,306.00
0,6535805,1689645379.009463940,IPFG3,2,2,316.00,316.50
0,6535805,1689645379.009463940,IPFG3,2,2,316.00,316.50
0,4017321,1689644333.830401932,IPFG3,3,6,322.00,322.50
0,4540700,1689644524.002799203,IPFG3,3,3,319.00,319.50
0,4209699,1689644414.247985376,IPFG3,5,1,318.50,319.00
0,5253578,1689644748.768564051,IPFG3,4,1,312.50,313.00
0,5619999,1689644903.908302741,IPFG3,4,2,308.50,309.00
0,2959424,1689643639.221324825,IPFG3,16,4,329.00,329.50
0,3435721,1689643986.055152616,IPFG3,4,7,328.50,329.00
0,4110411,1689644373.807739733,IPFG3,1,6,318.50,319.00
0,4144871,1689644391.045416037,IPFG3,10,1,317.50,318.00
0,4147431,1689644391.754440075,IPFG3,7,12,317.50,318.50
0,5238001,1689644743.455479602,IPFG3,5,4,312.50,313.50
0,4481019,1689644497.632319255,IPFG3,4,3,318.50,319.00
0,4481640,1689644497.822591211,IPFG3,4,1,318.50,319.00
0,4554341,1689644529.765337087,IPFG3,6,2,318.50,319.00
0,6521247,1689645373.243154392,IPFG3,5,7,316.00,317.00
0,3764255,1689644209.253784035,IPFG3,18,6,322.50,323.50
0,4616602,1689644560.609153596,IPFG3,9,5,318.50,319.50
0,4619901,1689644562.400475140,IPFG3,8,2,318.00,318.50
0,5030689,1689644702.737243062,IPFG3,4,1,313.50,314.00
0,5260768,1689644751.711646513,IPFG3,2,3,312.50,313.00
0,6867852,1689645604.491493853,IPFG3,1,2,318.00,318.50
0,7878984,1689646290.545117582,IPFG3,3,2,317.00,317.50
0,4648753,1689644579.974701901,IPFG3,3,3,316.00,316.50
0,7161116,1689645818.957118781,IPFG3,2,1,319.00,319.50
0,7161164,1689645819.021100425,IPFG3,2,1,319.00,319.50
0,1973380,1689642879.538015063,IPFG3,5,3,333.50,334.00
0,5773566,1689644977.001397898,IPFG3,2,4,309.50,310.00
0,6255895,1689645227.937690069,IPFG3,2,1,314.50,315.00
0,7019617,1689645723.234478936,IPFG3,18,8,320.50,321.50
0,6377094,1689645298.884119731,IPFG3,5,5,316.00,316.50
0,6823716,1689645573.040233953,IPFG3,2,2,316.50,317.00
0,6983576,1689645688.688037220,IPFG3,1,10,320.00,320.50
0,8002040,1689646403.795624417,IPFG3,11,1,314.50,315.00
0,8004382,1689646405.511478603,IPFG3,11,3,314.50,315.00
0,8625585,1689647018.567809527,IPFG3,2,2,317.50,318.00
0,6514745,1689645370.558963804,IPFG3,4,3,316.00,316.50
0,6752252,1689645505.075369713,IPFG3,1,3,316.00,316.50
0,7016415,1689645721.397712403,IPFG3,7,1,320.50,321.00
0,7391848,1689645950.683933294,IPFG3,2,2,312.00,312.50
0,8717103,1689647111.061172384,IPFG3,2,2,317.00,317.50
0,10156090,1689648933.304342124,IPFG3,2,6,315.00,315.50
0,4128612,1689644383.565308881,IPFG3,5,2,318.00,318.50
0,4219032,1689644418.570499150,IPFG3,5,1,318.50,319.00
0,5006351,1689644701.147421111,IPFG3,10,5,313.50,314.50
0,7154231,1689645812.748760497,IPFG3,2,1,319.50,320.00
0,7154376,1689645812.813446180,IPFG3,2,1,319.50,320.00
0,7408983,1689645961.480557104,IPFG3,1,2,313.50,314.00
0,7993265,1689646397.250476536,IPFG3,11,1,314.50,315.00
0,8396735,1689646800.813717592,IPFG3,4,2,320.00,320.50
0,10204971,1689649016.286520323,IPFG3,3,7,316.00,316.50
0,10368897,1689649223.235930265,IPFH3,3,7,318.00,320.00
0,4564303,1689644534.344630311,IPFG3,4,3,318.50,319.00
0,5198897,1689644733.109734645,IPFG3,1,3,313.50,314.00
0,4840648,1689644665.320567194,IPFG3,5,3,315.00,315.50
0,7029145,1689645732.442524895,IPFG3,2,5,321.50,322.00
0,10954110,1689649872.765696896,IPFH3,1,7,319.00,320.00
0,7116434,1689645784.172948756,IPFG3,4,2,321.00,321.50
0,7123681,1689645787.707063538,IPFG3,2,6,321.50,322.00
0,8404067,1689646809.163205882,IPFG3,1,10,320.50,321.00
0,9873045,1689648559.082350924,IPFG3,5,5,314.50,315.50
0,10022011,1689648747.400039354,IPFG3,1,11,315.50,316.00
0,10192616,1689648995.326401331,IPFG3,6,10,315.00,316.00
0,10193783,1689648997.222570557,IPFG3,2,10,315.50,316.00
0,10366033,1689649219.527890097,IPFH3,2,7,318.00,319.50
0,10366541,1689649220.072097738,IPFH3,3,2,318.00,319.50
0,10380820,1689649231.190679462,IPFH3,2,7,318.50,320.00
0,10381575,1689649231.945833130,IPFH3,1,7,319.50,320.00
0,10780282,1689649684.339344448,IPFH3,2,8,319.00,320.00
0,7962127,1689646368.516193174,IPFG3,14,1,316.00,316.50
0,8165073,1689646549.835672876,IPFG3,2,2,318.00,318.50
0,10245366,1689649065.810821049,IPFG3,6,10,316.00,317.00
0,6699374,1689645466.280411854,IPFG3,1,5,317.50,318.00
0,10892520,1689649810.560055009,IPFH3,1,8,319.50,320.50
0,4520400,1689644515.185089490,IPFG3,7,1,319.00,319.50
0,4975017,1689644697.022673472,IPFG3,6,3,314.00,314.50
0,4785530,1689644640.467616711,IPFG3,2,5,314.50,315.00
0,5779956,1689644979.599524020,IPFG3,3,2,309.50,310.00
0,8971174,1689647433.438254150,IPFG3,4,2,317.50,318.00
0,8971258,1689647433.511499608,IPFG3,4,2,317.50,318.00
0,12473437,1689652344.012956183,IPFH3,12,2,314.00,315.00
0,7043863,1689645740.512252992,IPFG3,11,5,321.50,322.50
0,7050672,1689645745.240461185,IPFG3,8,5,321.50,322.50
0,7051076,1689645745.576396172,IPFG3,1,5,322.00,322.50
0,7932446,1689646338.045727281,IPFG3,12,1,316.50,317.00
0,10755377,1689649655.074504971,IPFH3,3,4,318.50,319.50
0,10192396,1689648994.818981117,IPFG3,6,11,315.00,316.00
0,6839792,1689645590.980174815,IPFG3,5,9,317.00,318.00
0,10329234,1689649172.056914333,IPFG3,2,11,316.50,317.00
0,14867705,1689656626.359184558,IPFH3,5,2,312.00,313.00
0,10225517,1689649040.918816246,IPFG3,6,1,316.00,316.50
0,10226240,1689649042.312730565,IPFG3,1,8,316.50,317.00
0,9881900,1689648574.335383470,IPFG3,1,7,315.50,316.00
0,10230212,1689649046.595638603,IPFG3,6,10,316.00,317.00
0,6676054,1689645450.523414045,IPFG3,2,9,316.50,317.50
0,6913733,1689645638.284032315,IPFG3,1,3,319.00,319.50
0,7397762,1689645953.723426032,IPFG3,3,2,312.50,313.00
0,7398153,1689645954.033421199,IPFG3,1,3,313.00,313.50
0,8605453,1689647000.442134345,IPFG3,3,1,317.00,317.50
0,11068007,1689650010.162265095,IPFH3,4,12,319.50,320.00
0,894729,1689642193.572863823,FRFG3,8,2,369.00,370.00
0,1081887,1689642296.579348091,FRFG3,11,2,369.00,370.00
0,851133,1689642172.296731844,FRFG3,7,2,369.00,370.00
0,852210,1689642173.257228679,FRFG3,1,2,369.50,370.00
0,892535,1689642192.685441368,CEFG3,20,6,65.00,65.20
0,5098582,1689644710.768140861,CEFG3,2,2,65.00,65.10
0,8497505,1689646901.936747854,CEFG3,17,49,65.30,65.40
0,1045107,1689642277.309658358,KBFG3,1,1,77.00,77.20
0,2490473,1689643249.953999527,KBFG3,1,2,76.40,76.70
0,474456,1689641964.183064634,KBFG3,1,1,75.30,77.50
0,2560437,1689643306.303237868,KBFG3,2,2,76.50,76.90
0,3781838,1689644221.631571240,KBFG3,7,1,75.50,75.80
0,5292451,1689644763.206102502,KBFG3,1,1,74.30,74.50
0,5516861,1689644853.879149887,KBFG3,3,1,74.30,74.60
0,3905898,1689644280.880623696,KBFG3,12,2,75.30,75.60
0,3908917,1689644282.134031810,KBFG3,2,2,75.30,75.60
0,5388641,1689644801.324873885,KBFG3,2,2,74.50,74.90
0,3164437,1689643815.442879343,KBFG3,2,2,76.20,76.50
0,5535929,1689644863.932709108,KBFG3,2,2,74.30,74.70
0,7624965,1689646087.573376505,KBFG3,2,4,75.40,75.70
0,9713102,1689648316.682404608,KBFG3,2,6,79.10,79.20
0,9713807,1689648317.699869979,KBFG3,2,6,79.10,79.30
0,7025417,1689645728.563339345,KBFG3,2,2,75.70,76.00
0,7090270,1689645766.641936678,KBFG3,3,3,75.40,75.80
0,4511129,1689644511.462703921,KBFG3,1,1,75.50,75.80
0,5858077,1689645023.561419966,KBFG3,1,1,74.20,74.50
0,5861836,1689645026.582588113,KBFG3,12,1,74.10,74.40
0,5864506,1689645027.876166204,KBFG3,10,1,74.10,74.40
0,5866106,1689645028.899799053,KBFG3,3,2,74.10,74.50
0,11784860,1689651078.678664775,KBFG3,1,2,78.80,79.10
0,13640800,1689654373.640503313,KBFG3,3,2,77.50,77.70
0,10142744,1689648909.419520094,KBFG3,2,7,78.80,79.00
0,9849454,1689648520.699364840,KBFG3,1,2,79.00,79.20
0,10323765,1689649164.980766885,KBFG3,1,9,79.00,79.20
0,15421879,1689657566.086160939,KBFG3,2,2,77.70,77.80
0,13695284,1689654497.375476856,KBFG3,2,1,77.70,77.90
0,13407991,1689654016.910018049,KBFG3,2,1,77.70,77.90
0,13413107,1689654020.309199831,KBFG3,2,1,77.70,77.80
0,9558636,1689648153.179721369,KBFG3,1,9,78.70,78.90
0,9648357,1689648222.986184201,KBFG3,1,1,78.90,79.00
0,14506462,1689656042.250410397,KBFG3,1,2,77.90,78.10
0,15081711,1689657016.927854857,KBFG3,4,2,77.60,77.90
0,13505772,1689654144.330071266,KBFG3,7,1,77.60,77.70
0,1190547,1689642358.245358983,QXFG3,4,2,50.60,50.70
0,1889500,1689642817.762170738,QXFG3,2,1,50.90,51.00
0,1141235,1689642330.839922992,QXFG3,5,5,50.70,50.80
0,3358024,1689643928.134901832,QXFG3,9,5,50.70,50.90
0,3079536,1689643747.704261716,QXFG3,3,8,50.80,51.00
0,3002339,1689643683.110697204,QXFG3,3,1,50.80,50.90
0,3365795,1689643932.842636139,QXFG3,9,1,50.70,50.80
0,4724354,1689644616.619660730,QXFG3,11,3,50.70,50.90
0,3780552,1689644221.072766880,QXFG3,2,5,51.00,51.20
0,3815351,1689644241.373300412,QXFG3,2,1,51.10,51.20
0,3872158,1689644265.673065395,QXFG3,3,1,51.00,51.10
0,5516034,1689644853.503869382,QXFG3,10,1,50.50,50.60
0,5501582,1689644846.856425525,QXFG3,10,2,50.50,50.70
0,3068917,1689643739.828684361,QXFG3,3,8,50.80,51.00
0,3733948,1689644189.312715821,QXFG3,1,9,50.90,51.10
0,3448865,1689643995.405255286,QXFG3,1,5,50.80,50.90
0,8613405,1689647006.795758415,QXFG3,2,4,51.30,51.50
0,3499293,1689644039.210904843,QXFG3,9,5,50.70,50.90
0,8410466,1689646813.283063018,QXFG3,2,2,51.10,51.30
0,8205844,1689646603.460030745,QXFG3,3,4,50.70,50.90
0,6458581,1689645340.024965714,QXFG3,4,2,50.70,50.90
0,8582791,1689646975.658965709,QXFG3,7,2,51.20,51.40
0,8647909,1689647041.830161505,QXFG3,1,3,51.50,51.60
0,1663541,1689642692.411662250,IOFG3,1,3,412.00,412.50
0,4078772,1689644358.117999443,IOFG3,6,4,410.50,411.50
0,5511116,1689644851.464999158,IOFG3,4,4,409.50,410.50
0,7155626,1689645813.778739473,IOFG3,2,5,409.50,410.00
0,6556347,1689645385.180842190,IOFG3,6,1,409.50,410.00
0,7167684,1689645823.702235534,IOFG3,2,2,409.50,410.00
0,1759230,1689642736.633879563,MBFG3,6,2,36.15,36.35
0,5425704,1689644813.391434160,MBFG3,1,2,35.60,35.70
0,14698241,1689656390.957274378,MBFG3,5,1,36.25,36.35
0,14473032,1689655985.701732710,MBFG3,7,9,36.20,36.30
0,12935647,1689653218.330221889,MBFG3,6,1,36.20,36.35
0,14507359,1689656043.454312853,MBFG3,5,7,36.25,36.30
0,14468393,1689655979.362139006,MBFG3,5,10,36.25,36.30
0,14522046,1689656063.582817580,MBFG3,5,5,36.25,36.30
0,14536239,1689656091.348950302,MBFG3,5,4,36.25,36.30
0,14477777,1689655993.342703058,MBFG3,7,8,36.20,36.30
0,1831771,1689642785.210969858,KGFG3,24,34,121.50,122.00
0,1887003,1689642816.313137525,KGFG3,30,47,122.00,122.50
0,1891218,1689642818.878764575,KGFG3,20,8,122.00,122.50
0,1892258,1689642819.915745378,KGFG3,20,6,122.00,122.50
0,1893510,1689642820.957896334,KGFG3,20,2,122.00,122.50
0,1986375,1689642889.254496133,KGFG3,19,49,123.00,123.50
0,611004,1689642050.053683844,KGFG3,19,2,120.50,121.00
0,503899,1689642007.476713878,KGFG3,13,10,120.00,120.50
0,1985137,1689642888.133995657,KGFG3,17,58,123.00,123.50
0,1870735,1689642806.468549700,KGFG3,31,25,122.00,122.50
0,1880204,1689642812.962832481,KGFG3,30,13,122.00,122.50
0,2008845,1689642902.063516609,KGFG3,21,22,123.00,123.50
0,2011894,1689642903.076099511,KGFG3,22,15,123.00,123.50
0,979222,1689642241.014007945,KGFG3,19,12,122.00,123.00
0,996092,1689642252.012134803,KGFG3,18,3,122.00,122.50
0,2084693,1689642947.951035198,GYFG3,2,4,84.90,85.00
0,948073,1689642222.678957946,GYFG3,1,1,83.70,83.80
0,2493071,1689643252.435613434,GYFG3,2,3,83.00,83.20
0,964618,1689642232.242453666,GYFG3,1,2,83.70,84.00
0,2473727,1689643234.870244212,GYFG3,2,1,83.50,83.70
0,2522443,1689643277.137550595,GYFG3,4,5,83.10,83.30
0,1955155,1689642863.270579174,GYFG3,2,1,84.60,84.80
0,1959813,1689642867.698803094,GYFG3,1,1,84.60,84.70
0,1120631,1689642317.703173845,GYFG3,2,1,83.70,84.00
0,2445861,1689643212.186252085,GYFG3,1,1,83.80,84.00
0,2759720,1689643480.322187070,GYFG3,1,1,83.00,83.20
0,2113401,1689642967.235822240,GYFG3,1,1,84.60,84.90
0,1141856,1689642331.300400563,GYFG3,1,1,83.40,83.90
0,1936637,1689642851.370131368,GYFG3,1,1,84.70,85.00
0,2302663,1689643104.191614292,GYFG3,1,1,84.60,85.00
0,2883076,1689643574.192903286,GYFG3,3,1,82.90,83.10
0,1551588,1689642610.204739830,GYFG3,1,1,84.50,84.70
0,2682969,1689643409.709202734,GYFG3,1,2,83.40,83.60
0,3307555,1689643902.484651562,GYFG3,3,1,82.80,83.00
0,2787673,1689643496.228142481,GYFG3,1,1,82.70,83.00
0,3474303,1689644015.832133259,GYFG3,2,1,82.20,82.60
0,5361633,1689644792.140473718,GYFG3,2,1,80.00,80.40
0,2180534,1689643017.781479158,GYFG3,1,1,84.20,84.50
0,5586539,1689644889.696985502,GYFG3,1,1,80.40,80.70
0,5401137,1689644805.178465661,GYFG3,1,1,80.10,80.50
0,5563881,1689644880.703281252,GYFG3,2,1,80.30,80.70
0,4584513,1689644544.728579254,GYFG3,1,2,80.80,81.10
0,5509615,1689644851.115458470,GYFG3,3,2,80.10,80.60
0,4883779,1689644677.267903604,GYFG3,2,1,80.50,80.80
0,4899789,1689644681.605916658,GYFG3,1,16,80.80,80.90
0,5269829,1689644754.946577347,GYFG3,8,1,80.20,80.80
0,3731296,1689644188.268975101,GYFG3,1,1,81.80,82.00
0,4509528,1689644510.345757856,GYFG3,1,1,80.70,80.90
0,1605794,1689642645.904392375,GYFG3,1,1,84.40,84.60
0,8428380,1689646832.104798908,GYFG3,2,1,81.60,82.00
0,8511571,1689646910.975619781,GYFG3,1,1,81.70,82.10
0,6081904,1689645138.388179376,GYFG3,3,1,80.20,80.60
0,5832241,1689645007.612869702,GYFG3,1,1,80.40,80.60
0,8015655,1689646414.218891031,GYFG3,4,3,80.80,81.00
0,10367261,1689649221.206975816,GYFG3,2,1,81.30,81.50
0,4829437,1689644660.570833970,GYFG3,3,16,80.50,80.90
0,6339525,1689645276.122267692,GYFG3,3,1,82.00,82.30
0,6813786,1689645560.863711220,GYFG3,2,1,81.60,82.00
0,10168356,1689648957.449290223,GYFG3,2,1,81.50,81.70
0,12818092,1689653005.337480727,GYFG3,1,1,80.60,80.70
0,8188032,1689646579.602527063,GYFG3,1,1,81.20,81.40
0,11223504,1689650240.285560715,GYFG3,2,1,81.20,81.70
0,12669611,1689652675.554202215,GYFG3,3,1,80.60,80.80
0,12379821,1689652154.572238946,GYFG3,1,1,81.00,81.20
0,8329819,1689646723.696344052,GYFG3,1,1,81.60,81.70
0,10168523,1689648957.774117833,GYFG3,1,2,81.50,81.70
0,12993041,1689653282.561118602,GYFG3,3,1,80.40,80.60
0,6932464,1689645651.866747395,GYFG3,1,1,82.00,82.10
0,12584652,1689652526.519576255,GYFG3,1,2,80.90,81.00
0,12857810,1689653091.504948011,GYFG3,1,2,80.50,80.70
0,10177622,1689648972.084595830,GYFG3,1,1,81.10,81.60
0,15162418,1689657131.408522482,GYFG3,1,9,79.90,80.10
0,15189407,1689657175.221883999,GYFG3,1,5,79.90,80.00
0,15158592,1689657126.281477939,GYFG3,1,2,80.00,80.20
0,12859593,1689653095.773239390,GYFG3,3,2,80.40,80.70
0,15074538,1689657006.567267185,GYFG3,1,2,80.00,80.30
0,2242558,1689643059.422688946,HSFG3,50,11,36.75,36.80
0,967725,1689642233.768220809,HSFG3,43,10,36.80,36.90
0,562113,1689642030.950350249,HSFG3,33,14,37.15,37.20
0,2110973,1689642965.502547869,HSFG3,37,14,36.85,36.90
0,6624122,1689645420.765015237,HSFG3,1,44,37.30,37.35
0,6628756,1689645422.770285792,HSFG3,1,44,37.30,37.35
0,6615411,1689645414.940462540,HSFG3,11,43,37.30,37.35
0,8329041,1689646722.840259572,HSFG3,2,43,37.55,37.60
0,8332782,1689646727.369594118,HSFG3,23,44,37.55,37.60
0,5919536,1689645060.729277664,HSFG3,92,7,36.75,36.80
0,9825316,1689648484.375341128,HSFG3,19,29,37.45,37.55
0,8343275,1689646738.288059269,HSFG3,25,52,37.55,37.65
0,6607292,1689645409.857530551,HSFG3,72,5,37.30,37.35
0,11422865,1689650502.783492745,HSFG3,61,2,37.50,37.55
0,11422363,1689650502.615844878,HSFG3,7,22,37.55,37.60
0,8329921,1689646723.862787932,HSFG3,4,43,37.55,37.60
0,12941673,1689653224.818058541,HSFG3,30,22,37.40,37.45
0,2532161,1689643283.737303162,OHFG3,2,1,162.00,162.50
0,1661432,1689642691.480522821,OHFG3,5,3,162.50,163.50
0,2575257,1689643319.731687517,OHFG3,1,2,162.00,162.50
0,6855877,1689645599.600599884,OHFG3,1,3,161.50,162.00
0,15456281,1689657620.957156139,QKFG3,15,21,34.90,35.15
0,13354256,1689653928.948012408,QKFG3,1,15,35.05,35.25
0,13341438,1689653906.621768633,QKFG3,5,14,35.00,35.25
0,13346203,1689653915.131932265,QKFG3,5,14,35.00,35.25
0,13346310,1689653915.322937034,QKFG3,1,1,34.90,35.20
0,13353629,1689653927.703541057,QKFG3,5,1,35.00,35.20
0,13464722,1689654077.822923187,QKFG3,5,2,35.00,35.20
0,13334163,1689653894.459627001,QKFG3,5,2,35.05,35.25
0,13338993,1689653902.948239773,QKFG3,5,14,35.00,35.25
0,1657383,1689642688.365690091,RCFG3,2,1,54.60,54.70
0,2420693,1689643193.442636109,RCFG3,5,6,54.50,54.70
0,2425756,1689643198.917763752,RCFG3,5,6,54.50,54.70
0,2426068,1689643199.438890408,RCFG3,5,3,54.60,54.70
0,2426296,1689643199.812438431,RCFG3,1,3,54.60,54.70
0,2430735,1689643202.080912906,RCFG3,2,2,54.60,54.70
0,1593795,1689642640.750882579,RCFG3,3,2,54.40,54.60
0,1591324,1689642639.764061865,RCFH3,2,3,54.60,54.70
0,1857746,1689642797.624207049,RCFG3,4,8,54.80,54.90
0,2843174,1689643537.964605186,RCFG3,2,4,54.30,54.40
0,2650377,1689643386.217517251,RCFG3,4,3,54.30,54.50
0,2652091,1689643387.002968604,RCFG3,3,2,54.30,54.40
0,2171855,1689643012.093795981,RCFG3,13,15,54.70,54.80
0,3121849,1689643782.999263111,RCFG3,3,3,54.30,54.40
0,3205585,1689643839.144389963,RCFG3,1,3,54.30,54.40
0,1574470,1689642626.160803273,RCFG3,4,3,54.60,54.70
0,2801904,1689643503.229933445,RCFG3,4,4,54.30,54.50
0,3580923,1689644100.830676899,RCFG3,4,2,54.30,54.40
0,1436325,1689642524.089323273,RCFG3,4,13,54.70,54.80
0,1609282,1689642647.804805160,RCFG3,3,7,54.50,54.60
0,1551473,1689642610.148924231,RCFG3,21,1,54.60,54.70
0,2681884,1689643408.627381732,RCFG3,3,3,54.40,54.50
0,2682683,1689643409.362559336,RCFG3,4,3,54.40,54.50
0,2415761,1689643187.688584970,RCFG3,16,15,54.70,54.80
0,2617754,1689643357.644160663,RCFG3,3,2,54.30,54.40
0,2758367,1689643478.472773754,RCFG3,16,5,54.20,54.40
0,2690039,1689643416.470322733,RCFG3,1,2,54.40,54.50
0,2695198,1689643422.064112351,RCFG3,1,4,54.40,54.50
0,3471547,1689644013.669792442,RCFG3,1,4,54.40,54.50
0,3474526,1689644015.906262122,RCFG3,1,4,54.40,54.50
0,3463035,1689644007.333486310,RCFG3,1,3,54.40,54.50
0,2681666,1689643408.356089802,RCFG3,3,3,54.40,54.50
0,3525459,1689644057.668327505,RCFG3,4,3,54.40,54.60
0,3525865,1689644058.033688427,RCFG3,3,2,54.40,54.50
0,2432045,1689643202.765894984,RCFG3,4,4,54.50,54.70
0,3513779,1689644050.036921172,RCFG3,3,2,54.40,54.50
0,3520046,1689644053.575249145,RCFG3,3,2,54.40,54.50
0,3522705,1689644055.300084549,RCFG3,3,2,54.40,54.50
0,3564827,1689644089.626363795,RCFG3,1,4,54.40,54.50
0,3510051,1689644047.134253812,RCFG3,1,3,54.50,54.60
0,3512619,1689644048.909835142,RCFG3,4,8,54.40,54.60
0,6864525,1689645603.016678493,RCFG3,3,5,54.00,54.10
0,8414551,1689646816.954560612,RCFG3,5,2,53.80,53.90
0,8415588,1689646817.952561985,RCFG3,5,6,53.80,54.00
0,8949714,1689647409.373461614,RCFG3,3,3,53.90,54.00
0,8963468,1689647421.453041254,RCFG3,3,2,53.90,54.00
0,8111081,1689646500.076513544,RCFG3,2,4,53.80,53.90
0,8625079,1689647018.114544379,RCFG3,4,4,53.90,54.00
0,8423512,1689646827.823106753,RCFG3,4,6,53.80,54.00
0,8638498,1689647032.797060252,RCFG3,1,4,53.90,54.00
0,9169762,1689647680.510043072,RCFG3,2,2,53.80,53.90
0,9287250,1689647830.828257126,RCFG3,3,1,54.00,54.10
0,9290501,1689647831.447829065,RCFG3,4,3,54.00,54.20
0,9292036,1689647832.205553493,RCFG3,2,4,54.00,54.10
0,9556544,1689648150.528513372,RCFG3,3,2,54.00,54.10
0,9557405,1689648150.957187446,RCFG3,1,4,54.10,54.20
0,8100222,1689646487.875051866,RCFG3,2,4,53.80,53.90
0,9328778,1689647872.703592179,RCFG3,2,3,53.90,54.10
0,10340131,1689649189.206646471,RCFG3,3,9,54.00,54.10
0,8086519,1689646471.665804632,RCFG3,1,4,53.80,53.90
0,8929880,1689647390.731026061,RCFG3,3,3,53.90,54.00
0,8416326,1689646818.948085658,RCFG3,3,2,53.90,54.00
0,8661937,1689647056.447776579,RCFG3,4,2,53.90,54.00
0,8964796,1689647423.572804645,RCFG3,4,2,53.90,54.00
0,10213282,1689649026.016123866,RCFG3,1,9,54.00,54.10
0,8108390,1689646497.112592777,RCFG3,1,5,53.80,53.90
0,8110591,1689646499.683204993,RCFG3,1,4,53.80,53.90
0,9227131,1689647764.608465341,RCFG3,4,6,53.90,54.10
0,9512658,1689648094.646513484,RCFG3,2,4,54.00,54.10
0,9513483,1689648095.349797170,RCFG3,4,4,53.90,54.10
0,8828779,1689647257.573065905,RCFG3,24,11,53.80,54.00
0,9172245,1689647686.400810424,RCFG3,2,3,53.80,53.90
0,9298446,1689647837.833336477,RCFG3,5,4,53.90,54.10
0,8381756,1689646783.602725357,RCFG3,1,10,53.90,54.00
0,8817079,1689647241.460411470,RCFG3,3,11,53.90,54.00
0,8822100,1689647247.572798648,RCFG3,3,11,53.90,54.00
0,8827289,1689647254.454153568,RCFG3,4,11,53.90,54.00
0,8917469,1689647374.439992001,RCFG3,3,6,53.90,54.00
0,9303005,1689647842.507931370,RCFG3,2,4,54.00,54.10
0,10085652,1689648827.008637001,RCFG3,28,1,53.90,54.00
0,11884059,1689651273.448212926,RCFG3,1,22,53.90,54.00
0,9235807,1689647777.114989770,RCFG3,3,4,54.00,54.10
0,10518549,1689649386.832953884,RCFG3,3,4,54.00,54.10
0,11883820,1689651273.104085804,RCFG3,14,21,53.90,54.00
0,9443897,1689648009.829312091,RCFG3,3,1,53.90,54.00
0,8417694,1689646820.704398014,RCFG3,4,3,53.90,54.00
0,8880033,1689647328.135365775,RCFG3,1,8,53.90,54.00
0,8881277,1689647329.996191070,RCFG3,1,10,53.90,54.00
0,8972153,1689647434.243433685,RCFG3,4,2,53.90,54.00
0,9240361,1689647781.760223279,RCFG3,4,6,53.90,54.10
0,10345567,1689649194.411439575,RCFG3,3,8,54.00,54.10
0,6618848,1689645416.637287512,RCFG3,2,4,54.00,54.10
0,8981532,1689647440.079585773,RCFG3,3,2,53.90,54.00
0,10328896,1689649171.707383359,RCFG3,3,8,54.00,54.10
0,10487886,1689649356.361223341,RCFG3,3,8,54.00,54.10
0,12143809,1689651703.954820439,RCFG3,3,17,53.80,53.90
0,9319895,1689647860.198149269,RCFG3,4,2,53.90,54.10
0,9496576,1689648075.024245109,RCFG3,3,2,53.90,54.00
0,8428455,1689646832.200827246,RCFG3,1,5,53.80,53.90
0,8434556,1689646838.697956614,RCFG3,1,5,53.80,53.90
0,9303342,1689647842.831869264,RCFG3,4,4,53.90,54.10
0,15385762,1689657512.197945963,RCFG3,2,16,53.50,53.60
0,14125856,1689655365.822789174,RCFG3,1,17,53.50,53.60
0,10549586,1689649423.301908946,RCFG3,3,6,54.00,54.10
0,12672915,1689652683.633341761,RCFG3,9,18,53.60,53.80
0,11758317,1689651016.078800567,RCFG3,2,16,53.80,53.90
0,14048716,1689655195.822829798,RCFG3,1,17,53.50,53.60
0,15531038,1689657740.977071306,RCFG3,1,16,53.40,53.50
0,12672794,1689652683.485452342,RCFG3,9,18,53.60,53.80
0,1757223,1689642735.510508894,GXFG3,7,5,174.50,175.50
0,1810086,1689642773.438722527,GXFG3,2,2,175.50,176.00
0,2105331,1689642961.888398967,GXFG3,6,9,175.50,176.50
0,1682258,1689642706.377831966,GXFG3,7,1,174.50,175.00
0,1936134,1689642851.078697627,GXFG3,6,8,175.50,176.50
0,2176972,1689643015.330981602,GXFG3,5,1,175.50,176.00
0,4619701,1689644562.362230897,GXFG3,1,8,176.50,177.00
0,6864685,1689645603.077954963,GXFG3,1,16,177.50,178.00
0,9752855,1689648372.191954428,GXFG3,6,2,179.00,179.50
0,2490043,1689643249.568961208,LXFG3,3,2,496.00,497.00
0,2299412,1689643102.144293758,LXFG3,1,1,497.50,498.00
0,2549185,1689643296.386794183,LXFG3,1,1,495.00,495.50
0,2518297,1689643273.448908967,LXFG3,3,1,496.00,497.00
0,5881573,1689645038.921433499,LXFG3,4,1,489.50,490.00
0,6553271,1689645384.190204034,LXFG3,2,1,490.00,490.50
0,2426508,1689643200.045260395,HCFG3,15,5,58.40,58.50
0,2391718,1689643168.136356123,HCFG3,15,2,58.40,58.50
0,965963,1689642232.956382203,DAFG3,1,13,45.40,45.45
0,547881,1689642026.374069931,DAFG3,3,2,45.45,45.55
0,557067,1689642030.149704761,DAFG3,1,2,45.50,45.55
0,561204,1689642030.708506798,DAFG3,4,1,45.45,45.50
0,563447,1689642031.278485856,DAFG3,1,2,45.45,45.50
0,1860683,1689642799.382404761,DAFG3,2,5,45.70,45.75
0,659004,1689642069.323123065,DAFG3,4,4,45.40,45.50
0,585811,1689642039.516491322,DAFG3,3,2,45.30,45.35
0,587480,1689642039.959383980,DAFG3,4,2,45.30,45.40
0,621253,1689642054.340079352,DAFG3,1,2,45.50,45.55
0,8404864,1689646809.492694442,DAFG3,5,65,46.05,46.10
0,1218013,1689642374.242131097,ODFG3,4,6,160.00,161.50
0,682155,1689642080.298441483,ODFG3,1,1,160.50,167.50
0,662561,1689642070.779748962,ODFG3,1,2,160.50,168.50
0,1216755,1689642373.342514408,ODFG3,4,6,160.00,161.50
0,1137218,1689642328.710801686,ODFG3,4,4,160.00,161.50
0,1222091,1689642377.504216311,FTFG3,1,2,48.30,48.35
0,1333194,1689642446.536463143,FTFG3,5,3,48.25,48.35
0,1333192,1689642446.534226336,FTFH3,10,2,48.25,48.30
0,1714330,1689642716.166930449,FTFG3,1,28,48.30,48.40
0,3485353,1689644024.165453987,FTFG3,3,3,48.35,48.45
0,1243293,1689642391.118410180,FTFG3,2,8,48.25,48.30
0,4399563,1689644468.883699784,FTFG3,3,5,47.90,48.00
0,6643066,1689645429.944187780,FTFG3,1,3,47.60,47.70
0,10053176,1689648782.746891658,FTFG3,3,4,47.50,47.60
0,10242947,1689649063.425250386,FTFG3,3,6,47.45,47.55
0,4223947,1689644420.999700421,FTFG3,2,1,47.95,48.00
0,8677490,1689647074.296564218,FTFG3,2,3,47.50,47.60
0,10105788,1689648854.741558388,FTFG3,3,5,47.45,47.55
0,10871150,1689649793.440278136,FTFG3,2,3,47.55,47.65
0,11059511,1689649998.131501328,FTFH3,4,5,47.60,47.70
0,11061991,1689650000.583432079,FTFH3,3,5,47.60,47.70
0,11062503,1689650001.248126964,FTFH3,2,5,47.60,47.70
0,10532929,1689649399.108959113,FTFG3,2,2,47.50,47.60
0,12815481,1689653000.199604347,FTFH3,1,5,48.25,48.30
0,14513963,1689656049.993344412,FTFH3,7,5,48.00,48.10
0,10487565,1689649356.080139877,FTFG3,3,5,47.45,47.55
0,14662721,1689656333.571673086,FTFH3,5,6,48.00,48.10
0,14665291,1689656339.586623867,FTFH3,3,6,48.00,48.10
0,14466600,1689655975.583030725,FTFH3,1,5,48.05,48.10
0,14725766,1689656429.572386564,FTFH3,6,5,47.95,48.05
0,10922185,1689649841.077533003,FTFG3,2,4,47.55,47.65
0,12933669,1689653216.506905887,FTFH3,1,2,48.10,48.20
0,10287883,1689649118.903406391,FTFG3,1,3,47.50,47.55
0,10552530,1689649428.776791008,FTFG3,2,3,47.55,47.65
0,10326438,1689649169.016103612,FTFG3,1,1,47.55,47.60
0,7389675,1689645949.198951413,FTFG3,1,2,47.00,47.05
0,11111923,1689650076.198147336,FTFH3,2,5,47.60,47.75
0,14077372,1689655263.030195464,FTFH3,2,5,48.05,48.15
0,14461487,1689655964.827434902,FTFH3,1,5,48.05,48.10
0,15399853,1689657536.466411962,FTFH3,3,5,48.05,48.10
0,15400047,1689657536.731527881,FTFH3,2,5,48.05,48.10
0,15401714,1689657537.324565861,FTFH3,1,5,48.05,48.10
0,11053522,1689649991.432158892,FTFH3,5,5,47.60,47.70
0,1463185,1689642546.614424525,NOFG3,10,3,182.00,182.50
0,2787794,1689643496.292621607,NOFG3,4,41,183.00,183.50
0,5278631,1689644758.562911254,NOFG3,9,2,180.00,180.50
0,5263085,1689644752.539917793,NOFG3,8,1,180.00,180.50
0,2478412,1689643239.356121096,PTFH3,6,2,298.00,299.00
0,12619656,1689652585.606332254,PTFH3,2,2,293.00,296.50
0,15147998,1689657110.402815065,PTFH3,1,8,294.50,295.50
0,15095517,1689657037.639777304,PTFH3,1,9,295.00,296.00
0,2520170,1689643275.466067886,CUFG3,31,1,14.50,14.55
0,1520249,1689642587.879129500,CUFG3,62,2,14.50,14.55
0,2546342,1689643293.938316507,CUFG3,31,1,14.50,14.55
0,2561559,1689643307.323226097,CUFG3,31,2,14.50,14.60
0,2320155,1689643119.183629116,CUFG3,54,2,14.55,14.60
0,2443011,1689643210.072261125,CUFG3,31,1,14.50,14.55
0,3191161,1689643835.450994652,CUFG3,31,1,14.50,14.55
0,2521210,1689643276.367452762,RBFG3,9,2,116.50,117.00
0,2528536,1689643280.615851619,RBFG3,9,1,116.50,117.00
0,2539784,1689643289.694363665,RBFG3,6,6,116.50,117.50
0,1997788,1689642899.608558084,RBFG3,9,17,114.50,115.00
0,2499110,1689643256.712278689,RBFG3,7,4,116.50,117.00
0,2519737,1689643275.092620169,RBFG3,9,3,116.50,117.00
0,3734569,1689644189.817409298,RBFG3,9,2,114.50,115.00
0,2528218,1689643280.414368507,RBFG3,9,1,116.50,117.00
0,5940092,1689645071.007731496,RBFG3,8,2,112.00,112.50
0,2522521,1689643277.262954684,JSFH3,5,1,90.10,90.80
0,2522873,1689643277.451736415,JSFH3,4,1,90.00,90.20
0,2553135,1689643300.428977791,JSFH3,4,1,89.10,89.40
0,3082913,1689643750.816757970,JSFH3,11,2,89.80,90.00
0,2520181,1689643275.475344398,JSFH3,11,1,90.20,90.80
0,4227944,1689644422.728410700,JSFH3,1,2,85.60,85.90
0,4229544,1689644423.180601960,JSFH3,1,7,85.50,85.90
0,2532274,1689643283.858003152,JSFH3,4,6,88.20,88.80
0,3889910,1689644273.727835324,JSFH3,4,2,86.20,87.00
0,5427038,1689644813.910760417,JSFH3,5,1,83.60,84.00
0,5215409,1689644736.964430514,JSFH3,18,1,83.50,83.60
0,5421997,1689644812.062057605,JSFH3,6,2,83.60,84.00
0,3802435,1689644233.748778249,JSFH3,7,2,87.00,87.30
0,4432580,1689644478.455836939,JSFH3,3,1,85.10,85.50
0,4605472,1689644554.530911604,JSFH3,2,2,86.20,86.30
0,5439161,1689644819.176783024,JSFH3,1,1,83.90,84.20
0,5121027,1689644716.169245459,JSFH3,20,1,83.50,83.60
0,6482274,1689645353.776086851,JSFH3,1,1,85.50,85.60
0,6486826,1689645356.235362818,JSFH3,2,2,85.50,85.70
0,4068091,1689644353.116813789,JSFH3,3,2,85.70,86.40
0,6537266,1689645379.368695797,JSFH3,3,10,85.90,86.10
0,3574804,1689644097.321566123,JSFH3,1,1,88.50,88.60
0,4348550,1689644455.675609826,JSFH3,1,2,84.60,85.00
0,5251864,1689644748.175681086,JSFH3,1,1,83.60,83.70
0,5256213,1689644749.664376640,JSFH3,18,1,83.50,83.60
0,6547349,1689645382.641359024,JSFH3,2,7,85.50,85.90
0,3879671,1689644268.969717764,JSFH3,1,3,86.60,86.90
0,4399892,1689644468.940907489,JSFH3,1,2,85.00,85.30
0,4894345,1689644679.999065764,JSFH3,2,1,84.40,84.50
0,5973898,1689645090.851947538,JSFH3,3,2,82.80,83.10
0,5977200,1689645092.233976295,JSFH3,3,1,82.80,83.10
0,6567735,1689645388.654413424,JSFH3,1,1,85.60,85.70
0,3719979,1689644180.414940864,JSFH3,2,1,87.70,87.90
0,6545811,1689645382.061953216,JSFH3,1,6,85.60,85.90
0,6487049,1689645356.444044426,JSFH3,1,1,85.50,85.70
0,5321458,1689644775.454970663,JSFH3,4,2,83.20,83.30
0,5792429,1689644985.325051642,JSFH3,4,1,84.00,84.10
0,5836001,1689645009.679905124,JSFH3,1,2,83.60,83.70
0,3940814,1689644297.651252901,JSFH3,1,3,85.60,86.40
0,5191857,1689644731.484045508,JSFH3,18,1,83.50,83.70
0,5196283,1689644732.292634685,JSFH3,20,1,83.50,83.60
0,6231691,1689645214.153413929,JSFH3,1,11,83.90,84.00
0,6559320,1689645385.906513372,JSFH3,2,2,85.70,85.80
0,6208302,1689645200.091592080,JSFH3,1,8,83.80,83.90
0,11584106,1689650682.605939451,JSFH3,12,1,84.30,84.50
0,11723210,1689650941.294559330,JSFH3,1,1,84.70,85.00
0,12791161,1689652944.042047010,JSFH3,5,5,84.60,84.80
0,6584226,1689645396.324517645,JSFH3,1,5,85.40,85.60
0,7188212,1689645835.567635588,JSFH3,5,3,83.30,83.40
0,12796956,1689652955.651197439,JSFH3,4,2,84.60,84.80
0,13488365,1689654117.981057700,JSFH3,1,7,83.10,83.30
0,13580148,1689654261.918913990,JSFH3,2,7,83.20,83.30
0,13580569,1689654262.896161754,JSFH3,17,2,83.20,83.30
0,13436492,1689654045.770630393,JSFH3,2,1,83.10,83.20
0,13464928,1689654078.226701784,JSFH3,1,7,83.10,83.30
0,13479306,1689654102.491566688,JSFH3,8,1,83.00,83.10
0,6538062,1689645379.829678249,JSFH3,2,10,85.90,86.10
0,14416518,1689655907.228913351,JSFH3,1,4,83.90,84.00
0,14418661,1689655909.145946436,JSFH3,1,2,83.90,84.00
0,14409663,1689655900.381175828,JSFH3,1,12,83.90,84.00
0,14411740,1689655902.181491505,JSFH3,2,8,83.90,84.00
0,14412892,1689655904.302060780,JSFH3,1,6,83.90,84.00
0,14570450,1689656144.957081118,JSFH3,3,1,83.90,84.00
0,735935,1689642109.669249620,NVFG3,3,1,220.50,221.00
0,7624697,1689646087.460564224,NVFG3,4,16,217.50,218.50
0,5016390,1689644701.796636342,NVFG3,25,3,218.00,218.50
0,7758993,1689646190.377196339,NVFG3,7,1,217.50,218.00
0,10258951,1689649084.749815197,NVFG3,6,2,217.50,218.00
0,13219958,1689653655.608118446,NVFG3,3,9,222.00,222.50
0,13582880,1689654267.826264924,NVFG3,8,14,221.50,222.00
0,13090331,1689653426.082585059,NVFG3,7,23,222.00,222.50
0,12703178,1689652741.529572714,NVFG3,2,31,222.50,223.00
0,12580411,1689652520.914372739,NVFG3,9,5,222.00,222.50
0,12581803,1689652522.304708982,NVFG3,8,6,222.00,222.50
0,13582264,1689654264.896746147,NVFG3,8,14,221.50,222.00
0,13605598,1689654310.772914146,NVFG3,2,13,221.50,222.00
0,14154211,1689655423.070006397,NVFG3,10,4,221.00,221.50
0,14309339,1689655702.042943934,NVFG3,2,12,221.50,222.00
0,13900875,1689654907.375173537,NVFG3,1,12,221.50,222.00
0,13901146,1689654907.577625164,NVFG3,1,16,221.50,222.00
0,13901503,1689654908.664185650,NVFG3,1,16,221.50,222.00
0,14204275,1689655528.050786701,NVFG3,4,11,221.50,222.00
0,14988283,1689656849.039066395,NVFG3,9,19,221.00,222.00
0,14989064,1689656850.931180961,NVFG3,9,18,221.00,222.00
0,15046634,1689656957.217105226,NVFG3,8,7,221.00,221.50
0,14858296,1689656611.235581605,NVFG3,9,18,221.00,222.00
0,15216403,1689657215.325908776,NVFG3,6,17,221.00,222.00
0,13593209,1689654288.406985966,NVFG3,7,13,221.50,222.00
0,14929161,1689656741.220431937,NVFG3,9,18,221.00,222.00
0,12668286,1689652672.363688862,NVFG3,5,8,222.00,222.50
0,14918078,1689656724.111437386,NVFG3,2,17,221.50,222.00
0,15496208,1689657688.251388941,NVFG3,2,6,221.50,222.00
0,932966,1689642213.627461178,GLFH3,1,6,44.10,44.15
0,1448908,1689642536.309508744,PEFG3,21,1,102.00,102.50
0,2495456,1689643254.686811829,PEFG3,7,8,101.50,102.00
0,2264445,1689643076.752289257,PEFG3,22,2,102.00,102.50
0,1588805,1689642638.385013501,RAFG3,4,3,290.00,290.50
0,1440218,1689642527.489137117,RAFG3,5,2,292.00,292.50
0,2117017,1689642970.142813059,RAFG3,7,4,290.00,291.00
0,2696077,1689643422.605197156,RAFG3,4,2,289.00,289.50
0,3525693,1689644057.807011778,RAFG3,2,106,288.00,288.50
0,2580782,1689643323.554556270,DBFG3,7,12,24.70,24.75
0,1424555,1689642513.163888752,DBFG3,4,3,24.70,24.75
0,2481522,1689643242.066789221,DBFG3,13,1,24.70,24.75
0,2970973,1689643651.778171787,DBFG3,56,1,24.65,24.70
0,2151419,1689642995.918752722,DBFG3,9,6,24.70,24.80
0,6211896,1689645201.916998540,DBFG3,13,44,24.95,25.05
0,8595049,1689646988.634968688,DBFG3,6,7,25.45,25.50
0,8596102,1689646990.353479270,DBFG3,2,7,25.45,25.50
0,8895799,1689647342.552868529,DBFG3,3,8,25.40,25.45
0,6270881,1689645237.814288429,DBFG3,6,43,25.00,25.10
0,8643130,1689647037.128934159,DBFG3,17,3,25.40,25.45
0,8602723,1689646996.934157308,DBFG3,6,23,25.45,25.50
0,8367833,1689646767.229423168,DBFG3,6,2,25.25,25.30
0,8649000,1689647042.629572538,DBFG3,6,68,25.45,25.55
0,8734579,1689647130.959735278,DBFG3,6,13,25.50,25.55
0,9062593,1689647533.278264962,DBFG3,3,9,25.40,25.45
0,6260354,1689645231.012340078,DBFG3,4,44,25.05,25.10
0,8208837,1689646605.496894960,DBFG3,3,55,25.15,25.20
0,8211094,1689646606.947953175,DBFG3,6,48,25.20,25.30
0,8459357,1689646864.853802547,DBFG3,6,59,25.50,25.60
0,8581645,1689646973.875556457,DBFG3,4,3,25.45,25.50
0,13188444,1689653611.549532362,DBFG3,6,16,25.20,25.25
0,12581844,1689652522.348374201,DBFG3,6,7,25.20,25.25
0,14104908,1689655325.362084916,DBFG3,4,14,25.15,25.20
0,14107535,1689655330.550186982,DBFG3,9,49,25.20,25.30
0,8146256,1689646527.652759374,DBFG3,7,46,25.15,25.20
0,14475317,1689655989.010535720,DBFG3,9,51,25.30,25.35
0,14552735,1689656118.942777795,DBFG3,37,87,25.30,25.35
0,14464083,1689655970.883075509,DBFG3,151,55,25.35,25.40
0,14464388,1689655971.115931607,DBFG3,7,17,25.25,25.35
0,14464746,1689655971.895155098,DBFG3,7,29,25.25,25.35
0,14465011,1689655972.537646057,DBFG3,7,40,25.25,25.35
0,14469924,1689655981.170176278,DBFG3,7,1,25.25,25.30
0,1123096,1689642318.762302779,NEFH3,2,5,63.10,63.50
0,2548350,1689643295.701042901,NEFH3,1,1,62.80,63.10
0,14693368,1689656381.722025411,NEFH3,1,5,62.90,63.10
0,1477964,1689642554.966266828,OZFG3,41,10,117.00,117.50
0,13840064,1689654787.318650749,OZFG3,5,47,114.50,115.00
0,1850511,1689642793.779242377,JWFG3,4,3,79.30,80.00
0,503535,1689642007.249393554,CWFG3,1,10,62.70,64.30
0,504347,1689642007.676374596,CWFG3,1,10,62.90,64.30
0,509835,1689642009.549415032,CWFG3,1,1,62.70,63.90
0,498742,1689642004.414823534,CWFG3,1,2,63.50,64.40
0,501568,1689642005.984203233,CWFG3,1,2,63.30,64.40
0,502435,1689642006.640785227,CWFG3,5,2,63.00,64.40
0,463635,1689641930.357406558,RDFG3,1,1,52.00,57.10
0,8363599,1689646760.922074409,RDFG3,9,1,56.00,56.10
0,2310334,1689643110.838456509,QGFG3,29,16,409.50,410.00
0,10769931,1689649674.204754152,QGFG3,15,20,416.50,417.50
0,15406860,1689657543.705807532,QGFG3,12,21,417.50,418.50
0,863908,1689642179.760815490,GRFG3,1,1,68.10,68.50
0,864617,1689642180.027429850,GRFG3,2,1,68.10,68.50
0,1582607,1689642633.235732267,GRFG3,1,1,67.20,67.50
0,1258125,1689642400.487702891,GRFG3,1,4,66.80,67.10
0,1258604,1689642400.984237671,GRFG3,1,4,66.80,67.10
0,768157,1689642126.123931727,GRFG3,3,1,67.40,68.10
0,2410847,1689643183.587448341,GRFG3,3,1,66.90,67.10
0,1438270,1689642525.668239407,GRFG3,2,2,67.10,67.50
0,4062358,1689644349.844111887,GRFG3,2,1,64.60,65.20
0,5754728,1689644968.021975559,GRFG3,5,2,63.20,63.50
0,5598863,1689644895.672770474,GRFG3,12,2,63.10,63.40
0,5544847,1689644869.304408229,GRFG3,1,2,63.20,63.60
0,6333881,1689645273.101680339,GRFG3,2,4,63.80,64.00
0,14890660,1689656672.546175438,GRFG3,1,1,62.70,62.90
0,703401,1689642091.751943365,IRFG3,8,35,186.00,186.50
0,5576653,1689644885.870552566,IRFG3,37,12,183.50,184.00
0,8217355,1689646612.835148240,IRFG3,10,33,185.50,186.00
0,10238102,1689649057.362283671,IRFH3,17,27,191.00,191.50
0,10238835,1689649058.217406462,IRFH3,12,22,191.00,191.50
0,10239116,1689649058.887608150,IRFH3,3,23,191.00,191.50
0,10239230,1689649059.041938104,IRFH3,2,23,191.00,191.50
0,10239611,1689649059.786531602,IRFH3,1,23,191.00,191.50
0,10240247,1689649061.239014743,IRFH3,20,3,190.50,191.00
0,10240400,1689649061.742282841,IRFH3,20,3,190.50,191.00
0,10240666,1689649062.272927221,IRFH3,20,8,190.50,191.00
0,10241081,1689649062.987013266,IRFH3,20,9,190.50,191.00
0,10758480,1689649658.870692592,IRFH3,13,15,198.50,199.50
0,10759250,1689649659.323248085,IRFH3,2,11,199.00,199.50
0,10305642,1689649141.909916447,IRFH3,10,38,193.00,193.50
0,706253,1689642093.122853680,CZFG3,6,2,98.50,98.60
0,12198509,1689651794.927997889,CZFG3,58,391,100.00,100.50
0,1178399,1689642350.428672149,QBFH3,1,1,50.80,51.00
0,4105170,1689644370.760820392,QBFH3,1,1,50.20,50.40
0,2479736,1689643240.578409757,DQFG3,53,83,16.10,16.15
0,15447323,1689657610.205878442,DQFG3,3,325,16.05,16.10
0,10351949,1689649202.444735984,DQFG3,11,290,16.10,16.15
0,2205999,1689643031.634222736,JBFG3,2,12,1860.00,1865.00
0,5578936,1689644886.240068368,JBFG3,7,9,1790.00,1800.00
0,8625114,1689647018.145593400,JBFG3,4,5,1805.00,1815.00
0,6600987,1689645405.316903532,JBFG3,3,3,1810.00,1815.00
0,12633985,1689652615.369134193,JBFG3,7,2,1800.00,1805.00
0,12269106,1689651936.838456716,JBFG3,1,5,1810.00,1815.00
0,11804862,1689651125.004663533,JBFG3,2,7,1820.00,1825.00
0,2555410,1689643301.932504728,ITFH3,1,1,91.00,91.60
0,4327273,1689644448.545925460,ITFH3,3,2,90.50,91.80
0,5595836,1689644894.353866629,ITFH3,2,3,90.50,91.30
0,15407850,1689657545.937424316,ITFH3,1,1,91.00,91.20
0,2557149,1689643303.431986811,GNFG3,1,1,30.45,30.55
0,3400832,1689643957.111579585,GNFG3,1,2,30.00,30.10
0,2470704,1689643231.965624371,GNFG3,1,2,30.45,30.50
0,2308189,1689643108.435663521,GNFG3,12,2,30.50,30.70
0,924875,1689642209.637384467,LYFG3,8,1,267.00,267.50
0,821374,1689642152.938089228,DYFG3,1,3,43.60,45.85
0,1104957,1689642308.657563828,ROFG3,1,1,116.50,117.00
0,6367802,1689645294.629911130,ROFG3,5,2,114.00,114.50
0,9592997,1689648180.174733804,ROFG3,6,7,113.50,114.50
0,9920222,1689648623.551437317,ROFG3,6,7,113.00,114.00
0,10704573,1689649586.606599156,ROFG3,1,2,113.50,114.00
0,13326631,1689653881.911421413,ROFG3,3,9,113.00,114.00
0,13801448,1689654696.830202451,ROFG3,1,14,113.50,114.00
0,1106752,1689642310.224701269,QPFH3,1,1,32.85,32.95
0,2471743,1689643233.108579751,QPFH3,1,1,32.80,32.90
0,3316514,1689643907.964520755,IIFG3,13,1,78.20,78.30
0,2466034,1689643227.843298724,IIFG3,1,1,78.60,78.70
0,3304439,1689643900.829234417,IIFG3,13,1,78.20,78.30
0,6548518,1689645383.289830904,IIFG3,2,2,77.40,77.50
0,7071143,1689645757.410560703,IIFG3,1,1,77.50,77.60
0,1202529,1689642364.792013788,PQFG3,2,1,62.60,63.00
0,1842261,1689642789.864672598,PQFG3,8,1,62.70,62.90
0,1077156,1689642294.466309344,PQFG3,1,2,62.60,63.10
0,1200168,1689642363.505999926,PQFG3,2,1,62.60,63.00
0,2521204,1689643276.353246666,DZFG3,1,2,57.50,58.10
0,1311711,1689642432.924216807,DZFG3,1,4,57.30,57.60
0,2705600,1689643431.825416131,CKFG3,22,4,45.10,45.15
0,2815875,1689643512.258332438,CKFG3,22,2,45.10,45.15
0,4525113,1689644517.661420531,EMFG3,2,3,53.40,53.60
0,8190478,1689646582.846829790,EMFG3,7,41,53.10,53.20
0,9575650,1689648168.345614374,EMFG3,3,3,53.30,53.40
0,13512653,1689654155.405222191,EMFG3,8,1,52.80,52.90
0,1359108,1689642467.079104635,PLFH3,1,2,48.95,49.25
0,4923602,1689644686.007965651,PLFH3,1,1,48.45,48.70
0,4695907,1689644603.375950110,PLFH3,2,1,48.50,48.70
0,4768962,1689644634.281298687,PLFH3,1,1,48.50,48.70
0,4888087,1689644678.389065668,PLFH3,4,1,48.45,48.70
0,4894032,1689644679.958716430,PLFH3,2,1,48.45,48.70
0,7031325,1689645734.702672134,PLFH3,2,6,48.50,48.65
0,4509701,1689644510.476427640,PLFH3,1,3,48.65,48.75
0,13017063,1689653325.198159910,PLFH3,8,2,48.65,48.75
0,4143126,1689644390.512258487,PSFG3,1,0,57.30,0.00
0,4143128,1689644390.512264109,PSFI3,1,0,57.30,0.00
0,4120414,1689644378.916312326,PSFL3,0,0,0.00,0.00
0,5903580,1689645051.210214363,PSFG3,27,1,50.50,50.60
0,5901660,1689645050.031152158,PSFG3,35,1,50.50,50.60
0,5883741,1689645039.835785041,PSFG3,3,1,50.30,50.40
0,5887758,1689645041.491802277,PSFG3,11,16,50.50,50.60
0,5911965,1689645056.149832123,PSFG3,1,5,50.80,50.90
0,6220316,1689645206.832325641,PSFG3,1,4,52.80,53.00
0,6221106,1689645207.446015638,PSFG3,1,4,52.80,53.00
0,6223484,1689645209.411549138,PSFG3,1,1,52.90,53.00
0,5926887,1689645063.889380578,PSFG3,20,1,50.70,50.90
0,11406174,1689650485.589622293,PSFG3,16,1,53.40,53.50
0,11108839,1689650073.256796787,PSFG3,1,1,53.80,54.10
0,11108978,1689650073.372473804,PSFG3,4,15,53.70,53.80
0,11109386,1689650073.720722950,PSFG3,5,13,53.70,53.80
0,11110131,1689650074.701291055,PSFG3,4,10,53.70,53.80
0,11110751,1689650075.406429732,PSFG3,5,7,53.70,53.80
0,14299421,1689655681.322499751,PSFG3,2,16,52.00,52.30
0,14300591,1689655682.341795678,PSFG3,2,2,52.00,52.20
0,11112388,1689650076.906401920,PSFG3,16,4,53.60,53.80
0,11408902,1689650489.384364911,PSFG3,15,2,53.40,53.50
0,11162914,1689650145.326950056,PSFG3,22,1,53.70,53.90
0,11428015,1689650508.877542710,PSFG3,3,2,53.30,53.40
0,11351018,1689650418.750243381,PSFG3,20,1,53.70,53.90
0,11351080,1689650418.834432706,PSFG3,20,1,53.70,53.90
0,12000495,1689651468.361680041,PSFG3,14,2,53.70,53.80
0,12146553,1689651709.539700760,PSFG3,3,2,53.10,53.20
0,13372733,1689653957.277378622,PSFG3,1,5,51.40,51.50
0,11390785,1689650471.136139951,PSFG3,17,1,53.60,53.70
0,12022280,1689651498.301407332,PSFG3,1,28,53.70,54.00
0,14318206,1689655714.770526022,PSFG3,1,1,52.00,52.20
0,11150298,1689650126.167860990,PSFG3,5,2,53.70,53.80
0,11150381,1689650126.266654859,PSFG3,4,1,53.70,53.80
0,11134635,1689650105.516302525,PSFG3,16,1,53.70,53.80
0,15011532,1689656898.012272257,PSFG3,1,8,51.40,51.60
0,14283012,1689655652.624394430,PSFG3,31,1,52.20,52.30
0,14284820,1689655654.500517026,PSFG3,16,16,52.20,52.30
0,14285066,1689655655.057292855,PSFG3,8,16,52.20,52.30
0,14285407,1689655655.766125112,PSFG3,4,15,52.20,52.30
0,14285680,1689655656.454025558,PSFG3,3,15,52.20,52.30
0,14286399,1689655658.715560105,PSFG3,1,15,52.20,52.30
0,14301237,1689655683.490698628,PSFG3,1,15,52.00,52.20
0,14303352,1689655687.879810146,PSFG3,2,15,52.00,52.20
0,14303692,1689655689.089365344,PSFG3,1,13,52.00,52.20
0,14573068,1689656150.072309790,PSFG3,3,20,52.50,52.60
0,4448231,1689644484.723807402,DSFH3,1,15,40.20,40.60
0,4456815,1689644488.133355037,DSFH3,2,3,40.20,40.40
0,4644388,1689644577.441365868,DSFH3,5,16,40.30,40.45
0,4430187,1689644477.484436038,DSFH3,1,2,40.20,40.40
0,4384320,1689644464.878139571,DSFH3,3,1,39.80,40.25
0,4498495,1689644504.333845868,DSFH3,1,15,40.40,40.50
0,4318916,1689644445.535105187,DSFH3,10,1,40.00,40.15
0,4820411,1689644655.982786123,DSFH3,4,13,39.95,40.00
0,4204795,1689644412.428454026,DSFH3,40,0,41.10,0.00
0,4206694,1689644413.015749992,DSFH3,1,0,41.10,0.00
0,4207669,1689644413.300847344,DSFH3,2,0,41.05,0.00
0,4354269,1689644457.193544850,DSFH3,1,2,39.85,39.95
0,4799047,1689644646.286961398,DSFH3,6,1,40.00,40.05
0,4262104,1689644431.170049718,DSFH3,1,2,40.15,40.40
0,4264230,1689644431.965987251,DSFH3,1,2,40.10,40.40
0,4423811,1689644475.363336151,DSFH3,1,2,40.20,40.40
0,4520672,1689644515.327899616,DSFH3,1,15,40.35,40.55
0,3742163,1689644194.832830012,IMFG3,1,1,67.40,67.90
0,5960564,1689645084.723509637,IMFG3,1,1,66.50,66.60
0,8492954,1689646898.268201248,IMFG3,1,1,66.70,66.80
0,6776431,1689645526.209688367,IMFG3,2,1,66.60,66.90
0,3251980,1689643863.556256650,CFFG3,1,1,83.40,83.60
0,10113508,1689648863.249796596,CFFG3,10,19,82.90,83.00
0,4686468,1689644598.793612004,IZFH3,7,4,44.30,44.40
0,4685472,1689644598.159212375,IZFH3,1,5,44.35,44.40
0,4981090,1689644698.377000494,IZFH3,5,1,43.95,44.15
0,5580650,1689644887.137455902,IZFH3,3,6,43.35,43.40
0,5557839,1689644876.199604992,IZFH3,4,7,43.35,43.45
0,5730456,1689644959.014854256,NSFG3,2,2,66.30,66.60
0,5945247,1689645074.590755834,NSFG3,2,6,66.30,66.60
0,5325220,1689644777.450709913,NSFG3,2,2,66.40,66.70
0,15039651,1689656946.073133090,NSFG3,6,5,66.30,66.50
0,1919135,1689642839.395909846,PPFG3,3,3,57.60,57.80
0,3397566,1689643954.693040167,PPFG3,2,1,56.90,57.00
0,12864064,1689653105.827483991,PPFG3,5,5,57.00,57.60
0,15045986,1689656955.953076384,PPFG3,1,2,57.10,57.40
0,14101522,1689655318.901090025,PPFG3,1,2,57.30,57.70
0,5699656,1689644941.402987664,FQFG3,18,31,134.50,135.00
0,4982462,1689644698.688538489,FQFG3,20,40,138.00,138.50
0,5615619,1689644902.216392027,FQFG3,20,5,136.00,137.00
0,5554568,1689644873.826545422,FQFG3,6,19,138.50,139.00
0,5595736,1689644894.308605948,FQFG3,5,4,137.00,137.50
0,5301236,1689644766.539507907,HBFH3,2,2,99.70,100.00
0,4384125,1689644464.813508199,CXFG3,1,2,49.75,49.80
0,4388562,1689644465.648449920,CXFG3,23,2,49.75,49.80
0,6970875,1689645677.473322567,CXFG3,3,10,50.00,50.10
0,6897949,1689645626.306953237,CXFG3,2,4,50.00,50.10
0,7439324,1689645978.329487737,CXFG3,1,3,49.75,49.80
0,9124332,1689647618.353663301,CXFG3,3,4,50.70,50.80
0,9125645,1689647619.948004983,CXFG3,1,6,50.80,50.90
0,9152128,1689647649.630463084,CXFG3,8,14,50.80,50.90
0,7898583,1689646306.953408348,CXFG3,1,1,49.90,49.95
0,7900318,1689646308.982618129,CXFG3,3,2,49.90,50.00
0,10779240,1689649683.486793469,CXFG3,10,13,50.70,50.90
0,8532549,1689646927.858811267,CXFG3,4,20,50.40,50.50
0,8532935,1689646928.322837247,CXFG3,2,20,50.40,50.50
0,7093258,1689645768.082741939,CXFG3,3,11,49.95,50.10
0,8319718,1689646712.448125670,CXFG3,7,7,50.20,50.30
0,9622243,1689648193.551332511,CXFG3,3,3,50.90,51.00
0,9163961,1689647668.809193365,CXFG3,4,8,50.80,50.90
0,9847446,1689648517.546826973,CXFG3,13,12,50.60,50.70
0,11703977,1689650897.072969278,CXFG3,8,9,50.80,51.00
0,4872824,1689644674.406272198,JNFG3,3,5,40.90,41.00
0,3985195,1689644321.974588606,JNFG3,3,2,41.15,41.20
0,11435824,1689650513.784201066,JNFG3,1,23,40.55,40.60
0,3622605,1689644126.050860664,PRFH3,1,2,96.50,97.20
0,5885120,1689645040.522941826,DKFG3,7,8,194.50,195.00
0,14197493,1689655517.080528688,DKFG3,8,24,201.50,202.00
0,13559983,1689654223.023470245,DKFG3,6,29,200.50,201.00
0,14405438,1689655893.078535361,DKFG3,6,48,202.50,203.00
0,4775663,1689644636.763645717,PKFH3,1,1,44.10,44.25
0,13364991,1689653948.092723425,PKFH3,1,1,44.10,44.20
0,4004424,1689644328.694687381,OEFH3,2,1,13.95,14.05
0,4351428,1689644456.226221992,FZFH3,1,1,28.75,28.85
0,477633,1689641972.904073322,FZFG3,2,2,29.20,29.35
0,483710,1689641991.116554385,FZFH3,2,11,29.30,29.45
0,15430102,1689657581.329951554,FZFH3,1,23,28.40,28.45
0,15489586,1689657676.563487785,FZFH3,1,22,28.40,28.45
0,5233008,1689644742.284792841,OWFH3,3,4,527.00,528.00
0,14099902,1689655315.319468353,OWFH3,1,4,536.00,537.00
0,14134302,1689655380.606957412,OWFH3,1,3,536.00,537.00
0,7882245,1689646293.240682326,FN1G3,16,2,83.30,83.50
0,7954157,1689646361.326150937,FN1G3,16,1,83.30,83.50
0,6298765,1689645253.333066754,FEFG3,2,2,47.55,47.65
0,8591447,1689646984.206180319,GMFG3,5,1,53.50,53.80
0,6563140,1689645387.039046267,GMFG3,1,1,53.80,54.20
0,7024796,1689645727.969556585,GMFG3,3,8,53.70,54.10
0,8731143,1689647127.705130670,GMFG3,5,3,53.40,53.70
0,9454408,1689648021.963854891,KEFG3,2,2,87.50,87.90
0,9842998,1689648509.387790575,KEFG3,3,2,87.60,88.00
0,9462069,1689648033.435942237,KLFG3,4,1,30.15,30.25
0,14529989,1689656079.360623637,KLFG3,5,3,30.35,30.45
0,14547186,1689656112.400749865,KLFG3,5,4,30.35,30.50
0,13834220,1689654772.021575145,KLFG3,5,6,30.35,30.45
0,14530110,1689656079.527125229,KLFG3,5,2,30.35,30.45
0,12416637,1689652230.221102179,KLFG3,17,4,30.40,30.55
0,14153454,1689655421.341870928,KLFG3,5,5,30.35,30.45
0,14856463,1689656608.250645067,KLFG3,20,1,30.35,30.45
0,14362742,1689655810.735046994,KLFG3,5,4,30.35,30.45
0,7954593,1689646361.804877816,LUFG3,13,6,105.50,106.00
0,5432408,1689644816.468360288,OSFG3,1,1,16.40,16.45
0,9200717,1689647726.939956510,LCFH3,1,7,95.00,95.10
0,7661851,1689646109.208721973,FGFG3,7,1,835.00,840.00
0,8159927,1689646543.509608826,FGFG3,1,1,841.00,846.00
0,9422109,1689647985.024084988,FGFG3,1,2,863.00,870.00
0,7680941,1689646122.588930829,FGFG3,1,1,839.00,842.00
0,6157969,1689645174.569065857,OQFG3,1,2,301.00,303.00
0,11147004,1689650122.261138598,GAFG3,1,7,58.80,59.00
0,11147190,1689650122.448424323,GAFG3,1,2,58.80,59.00
0,14103543,1689655322.333205072,GAFG3,1,3,59.10,59.20
0,11737514,1689650973.326025688,GAFG3,1,3,58.90,59.10
0,11745312,1689650991.823106154,GAFG3,2,1,58.90,59.10
0,14149332,1689655412.954047576,GAFG3,1,1,59.10,59.20
0,14077045,1689655262.572981850,GAFG3,1,5,59.10,59.20
0,7702393,1689646140.579894653,CAFH3,1,1,70.60,70.70
0,10116314,1689648866.919330384,QAFH3,10,10,2545.00,2550.00
0,7017830,1689645722.481297600,MAFG3,5,1,162.50,165.50
0,9230960,1689647771.071098614,CBFG3,4,60,29.15,29.25
0,14348800,1689655780.045477246,CBFG3,2,2,29.25,29.30
0,11952430,1689651397.927767156,IXFG3,8,1,121.00,121.50
0,12642497,1689652630.732403200,KIFG3,5,1,42.75,42.90
0,10795706,1689649701.842396786,KIFG3,7,5,42.80,43.35
0,14894179,1689656679.230489446,KIFG3,5,1,42.70,42.90
0,5853977,1689645020.602642259,RNFG3,8,1,204.00,205.00
0,12366588,1689652124.758199225,LBFG3,2,3,115.50,116.00
0,14868260,1689656627.545999198,LBFG3,2,12,116.00,117.00
0,9653287,1689648230.548644271,LBFG3,2,1,114.50,115.50
0,13319342,1689653868.993926917,LBFG3,3,1,115.50,116.00
0,15129191,1689657081.062762214,LBFG3,1,1,116.00,116.50
0,15293594,1689657355.181328178,LBFG3,1,1,116.00,116.50
0,15077391,1689657011.989790497,LBFG3,2,1,116.00,116.50
0,15316566,1689657391.642537787,LBFG3,1,1,116.00,116.50
0,14884839,1689656660.615250506,LBFG3,2,1,116.00,116.50
0,15069664,1689657001.198502237,LBFG3,4,12,116.00,117.00
0,12998788,1689653290.768505785,LMFG3,2,1,217.00,217.50
0,11418325,1689650498.771849249,GJFG3,2,2,416.00,418.00
0,15527689,1689657734.127523887,GJFG3,1,2,416.50,417.50
0,11345327,1689650411.206296622,GCFH3,1,5,57.90,58.10
0,11431865,1689650510.956515469,GCFH3,5,5,57.80,58.00
0,14582660,1689656169.634558692,GCFH3,1,5,57.60,57.70
0,14618906,1689656226.491932183,KDFG3,1,5,172.00,172.50
0,10841099,1689649757.998331165,PJFH3,2,2,330.00,331.00
0,15522670,1689657727.455540530,OLFG3,13,7,2285.00,2290.00
0,15191624,1689657180.105372029,KAFG3,5,1,110.00,111.00
0,13848753,1689654805.079561836,MQFH3,7,13,58.80,59.00
0,15411865,1689657552.698287992,GZFH3,1,4,20.75,20.90
