,SeqNumber,TimeStamp,ProductID,BidVolume1,AskVolume1,Bid1,Ask1
0,100806,1689641999.269920136,3035,26,124,3295000,3300000
0,100933,1689642000.072853967,2340,7,309,578000,579000
0,102424,1689642002.597405154,2340,46,37,577000,578000
0,104267,1689642004.955338276,2340,64,2,575000,577000
0,100748,1689641998.673937057,2352,3,18,628000,629000
0,105443,1689642006.075868388,2352,8,27,621000,622000
0,106029,1689642006.627285087,2352,8,17,621000,622000
0,100942,1689642000.144430807,2344,34,6,290000,290500
0,100942,1689642000.144430807,2344,34,6,290000,290500
0,106851,1689642007.264178853,2352,8,1,621000,623000
0,107089,1689642007.475624999,6285,177,1,1200000,1205000
0,107361,1689642007.676365624,2352,8,31,621000,625000
0,108648,1689642008.652814331,2340,58,82,575000,578000
0,109952,1689642009.680389195,2352,2,15,624000,625000
0,111303,1689642010.487399612,2340,4,68,575000,578000
0,117134,1689642013.989131957,3035,64,11,3280000,3290000
0,119162,1689642015.039272717,3035,39,54,3280000,3295000
0,100923,1689642000.072744155,6213,4,2,774000,775000
0,134824,1689642023.372284822,2368,7,22,1775000,1785000
0,137546,1689642024.981124830,2340,11,178,578000,579000
0,140643,1689642026.903467903,2609,6,24,455500,457000
0,145342,1689642029.630099395,2340,16,158,577000,579000
0,146606,1689642030.295219620,2609,7,102,455500,457500
0,146803,1689642030.385187574,2340,10,158,577000,579000
0,147354,1689642030.607401928,2609,7,105,455500,457500
0,148017,1689642030.945786692,2618,382,42,372000,372500
0,148802,1689642031.347817922,2609,87,7,455000,457000
0,148654,1689642031.266936362,2340,12,154,577000,579000
0,151859,1689642032.796946432,6669,13,1,18900000,18950000
0,152438,1689642033.089291311,2340,17,149,577000,579000
0,153713,1689642033.774019102,2376,46,45,3010000,3020000
0,158919,1689642036.253181421,2340,54,15,576000,578000
0,164269,1689642039.561084951,2609,30,24,454000,456000
0,165015,1689642039.958872233,2609,3,11,454500,456500
0,166732,1689642040.938978766,2340,50,1,576000,577000
0,177362,1689642047.729918453,2340,12,250,578000,580000
0,180845,1689642050.000560419,2340,48,253,577000,580000
0,181560,1689642050.454135649,2340,6,255,578000,580000
0,182147,1689642050.803277273,6285,92,13,1205000,1210000
0,186650,1689642053.681621539,2340,7,259,578000,580000
0,186918,1689642053.849846643,2340,1,259,579000,580000
0,188499,1689642054.964121648,2609,23,8,454500,456000
0,189924,1689642055.936898971,2340,13,2,578000,579000
0,190578,1689642056.421390177,2340,16,258,578000,580000
0,194882,1689642059.354307396,2340,25,254,578000,580000
0,195419,1689642059.699834633,2303,46,9,485500,487000
0,195805,1689642059.981882460,2340,1,254,579000,580000
0,198908,1689642061.475492849,2303,19,9,486000,487000
0,200359,1689642062.291397424,2303,9,9,486000,487000
0,201452,1689642062.888714410,2303,3,9,486000,487000
0,202008,1689642063.161893165,2340,19,61,580000,582000
0,206529,1689642065.490619176,2368,1,32,1785000,1790000
0,206991,1689642065.773974221,1609,0,0,0,0
0,213927,1689642069.435450018,2609,3,4,455000,455500
0,216368,1689642070.815840782,2231,5,5,1605000,1620000
0,220948,1689642073.494070983,1609,94,2,401500,403000
0,223098,1689642074.734493355,1609,5,2,402000,403000
0,226589,1689642076.753780992,2368,1,42,1785000,1790000
0,228324,1689642077.813653653,2340,25,25,581000,583000
0,228539,1689642077.959444065,2340,14,17,581000,583000
0,232466,1689642080.297153379,2231,2,1,1605000,1610000
0,232629,1689642080.428425219,2340,3,3,580000,581000
0,236044,1689642082.546942390,2340,1,13,580000,581000
0,237381,1689642083.474828575,2340,60,21,578000,581000
0,238118,1689642083.981609490,2340,62,17,578000,581000
0,247153,1689642090.243862499,2340,4,5,580000,581000
0,248010,1689642090.795401988,2368,69,2,1780000,1785000
0,249566,1689642091.751566324,3037,93,186,1850000,1855000
0,251763,1689642093.118109636,2603,87,200,985000,986000
0,262434,1689642100.275878338,3035,8,22,3290000,3295000
0,288024,1689642118.356599674,3035,48,5,3320000,3325000
0,300101,1689642126.123400576,2449,18,1,677000,678000
0,303729,1689642128.796203137,3035,29,6,3330000,3335000
0,306255,1689642130.578935599,3035,25,6,3330000,3335000
0,308692,1689642132.300510403,3035,32,2,3330000,3335000
0,313706,1689642135.602875528,3035,19,1,3330000,3335000
0,315563,1689642136.798776891,2303,2,1,486500,487000
0,336146,1689642149.961418890,2368,39,28,1780000,1785000
0,340198,1689642152.686054811,3035,6,28,3315000,3320000
0,348638,1689642158.563541572,1102,32,58,437500,438000
0,368580,1689642172.296138300,2308,1,48,3695000,3700000
0,369974,1689642173.412295275,2308,1,48,3695000,3700000
0,378894,1689642179.760275730,2449,62,148,683000,685000
0,379403,1689642180.106043265,2449,5,146,684000,685000
0,400101,1689642193.477860771,2308,16,80,3690000,3700000
0,402027,1689642194.815616219,2881,141,189,651000,653000
0,423323,1689642209.636786502,8046,1,26,2675000,2680000
0,435910,1689642218.072542642,2392,13,1,437500,438000
0,442497,1689642222.703297071,2481,8,1,836000,838000
0,456272,1689642232.318981069,2481,47,27,839000,840000
0,457274,1689642232.955309983,2609,158,32,453000,453500
0,458702,1689642233.909985980,2618,325,77,368000,369500
0,468693,1689642241.013461217,6285,244,1,1220000,1225000
0,483875,1689642252.119970197,6285,231,5,1220000,1225000
0,515051,1689642276.832625245,3035,46,24,3375000,3380000
0,516535,1689642277.789950769,6213,3,8,771000,772000
0,520045,1689642280.345416401,1609,128,6,404500,405500
0,520828,1689642280.783249656,1609,86,59,404000,404500
0,529334,1689642287.584503228,1609,4,74,405000,405500
0,530459,1689642288.337229028,1609,9,15,404500,405000
0,540274,1689642295.883059041,1609,37,20,404500,405000
0,546886,1689642300.945216398,2308,42,71,3690000,3700000
0,548635,1689642301.982325746,1609,1,31,404500,405500
0,551486,1689642304.034343551,1609,3,19,404500,405000
0,552821,1689642304.995793647,3035,12,18,3355000,3360000
0,563135,1689642311.762062502,3035,42,33,3350000,3355000
0,559856,1689642309.510767023,1904,6,6,326000,327000
0,563608,1689642312.088907931,3035,24,42,3350000,3355000
0,571890,1689642317.697646370,2481,1,1,834000,835000
0,586915,1689642328.999797342,2231,46,1,1600000,1605000
0,590074,1689642331.397165139,2481,16,15,833000,835000
0,589376,1689642330.838890510,2615,61,38,507000,508000
0,595142,1689642335.125559652,3035,17,23,3345000,3350000
0,596567,1689642336.171573172,3035,15,3,3345000,3350000
0,597740,1689642337.004364420,3035,21,1,3345000,3350000
0,609976,1689642346.031066070,3035,15,25,3350000,3355000
0,615998,1689642350.427746937,3714,7,5,505000,506000
0,625284,1689642357.357630913,2615,24,4,507000,508000
0,647482,1689642373.715566205,2231,44,18,1600000,1610000
0,647913,1689642374.027651297,2231,44,2,1600000,1605000
0,651205,1689642376.816187574,3035,14,16,3350000,3355000
0,651554,1689642377.110937000,3035,14,1,3350000,3355000
0,652075,1689642377.534792943,2313,46,32,482000,483000
0,669274,1689642391.117779280,2313,5,6,482500,483000
0,680510,1689642400.479243182,2449,13,21,670000,671000
0,681217,1689642401.015735997,2449,5,17,670000,671000
0,692621,1689642410.913979401,1609,49,1,406500,407000
0,706588,1689642422.121066577,3035,53,31,3345000,3350000
0,718771,1689642432.109408668,1609,2,1,408000,408500
0,719685,1689642432.952076328,1210,28,9,571000,572000
0,736529,1689642447.271332535,2313,18,2,482500,483000
0,736529,1689642447.271332535,2313,18,2,482500,483000
0,747744,1689642457.238109070,1609,13,288,408000,409000
0,749771,1689642459.019403526,1609,465,1,407500,408500
0,753114,1689642462.078749887,1609,18,31,408000,408500
0,754689,1689642463.504056779,1609,38,15,408000,408500
0,755826,1689642464.580041047,1609,0,0,0,0
0,762797,1689642470.843790934,1609,28,296,408500,409000
0,763249,1689642471.285024144,1609,3,296,408500,409000
0,792934,1689642497.003088826,1609,176,34,408000,408500
0,794939,1689642498.759423545,1609,161,37,408000,408500
0,802065,1689642505.503935505,3035,19,5,3330000,3335000
0,803460,1689642506.748594242,1609,471,94,407500,408500
0,809271,1689642511.891269020,1609,97,1,407000,407500
0,809909,1689642512.595782305,1609,97,1,407000,407500
0,810097,1689642512.819596399,1609,1,62,407500,408000
0,810288,1689642513.009600082,2610,411,336,247500,248000
0,811636,1689642514.276236624,1609,52,59,407000,408000
0,821996,1689642523.983853588,2634,162,23,543000,544000
0,824393,1689642526.175784981,2449,67,85,673000,675000
0,825790,1689642527.582176283,3017,20,100,2920000,2930000
0,831435,1689642533.199956569,1609,1,42,407500,408000
0,848619,1689642548.188438016,1609,97,1,406500,407000
0,856200,1689642554.361679669,1609,45,94,406500,407000
0,860301,1689642557.604406189,3711,175,238,1170000,1175000
0,861062,1689642558.119215360,1609,1,87,406500,407000
0,867366,1689642563.564001730,1609,80,1,405500,406000
0,867716,1689642563.846137524,1609,23,57,405000,406000
0,878526,1689642573.505066163,1609,91,1,404500,405000
0,893792,1689642587.873940911,2323,623,259,145000,146000
0,918047,1689642610.148294260,2634,79,11,543000,544000
0,919793,1689642611.742680221,2481,26,53,842000,843000
0,936366,1689642626.928901477,2634,111,52,542000,544000
0,940270,1689642630.722683701,1609,23,26,403000,403500
0,942747,1689642633.143551574,2449,1,62,675000,676000
0,947100,1689642637.491479035,3035,108,10,3300000,3305000
0,947690,1689642638.037175933,3035,108,15,3300000,3305000
0,949449,1689642639.598243717,3017,45,6,2900000,2905000
0,950856,1689642640.745954928,2634,191,48,541000,543000
0,950856,1689642640.745954928,2634,191,48,541000,543000
0,957121,1689642645.898990713,2481,7,12,839000,843000
0,963561,1689642651.867361952,2634,24,57,542000,543000
0,1001527,1689642688.348363019,2634,39,45,542000,544000
0,1005968,1689642692.406574736,3034,8,22,4125000,4135000
0,1017955,1689642705.244099891,2474,27,18,1745000,1750000
0,1024052,1689642710.050955904,3035,16,40,3290000,3295000
0,1024812,1689642710.527186334,3035,23,32,3295000,3300000
0,1025638,1689642710.934142193,1609,1,27,400500,401500
0,1025720,1689642710.992408305,3035,23,24,3295000,3300000
0,1026035,1689642711.152816777,1609,3,1,401000,401500
0,1031649,1689642715.367544506,1609,35,12,401000,402000
0,1032743,1689642716.165141857,2313,42,24,481500,482000
0,1037442,1689642720.694608859,2368,15,34,1800000,1805000
0,1037864,1689642721.046731368,3035,5,10,3310000,3315000
0,1041533,1689642724.083969137,3035,5,38,3315000,3320000
0,1041936,1689642724.368789022,3035,6,35,3315000,3320000
0,1042883,1689642725.054825448,3035,6,27,3315000,3320000
0,1044222,1689642726.133277880,3035,2,18,3315000,3320000
0,1044610,1689642726.506752602,3035,5,14,3315000,3320000
0,1047275,1689642728.634592949,3035,11,16,3320000,3325000
0,1047703,1689642729.050489239,3035,11,12,3320000,3325000
0,1048798,1689642730.054940371,3035,16,9,3320000,3325000
0,1049349,1689642730.539403793,3035,23,3,3320000,3325000
0,1050847,1689642731.982112654,3035,5,50,3325000,3330000
0,1057527,1689642738.429278390,2355,1,15,363000,363500
0,1066870,1689642747.221128359,2368,43,27,1800000,1805000
0,1071614,1689642752.035470766,3035,21,21,3335000,3340000
0,1072164,1689642752.655723698,3035,43,12,3330000,3340000
0,1072525,1689642753.009220774,3035,2,7,3335000,3340000
0,1073896,1689642754.477580831,3035,1,8,3335000,3340000
0,1075328,1689642755.892793512,3035,1,8,3335000,3340000
0,1076016,1689642756.701803869,3035,1,9,3335000,3340000
0,1076247,1689642756.913652086,2474,31,13,1745000,1750000
0,1076522,1689642757.148378125,3035,1,11,3335000,3340000
0,1092716,1689642773.432209140,2474,8,50,1750000,1760000
0,1099656,1689642780.438818504,3035,11,123,3345000,3350000
0,1100670,1689642781.211284661,3035,6,126,3345000,3350000
0,1104824,1689642785.306499611,6285,77,17,1215000,1220000
0,1120177,1689642800.221250268,2609,48,103,456500,457000
0,1122714,1689642803.185558329,2634,27,23,545000,546000
0,1123164,1689642803.686585347,3035,1,121,3345000,3350000
0,1091587,1689642772.410155117,5534,3,10,794000,796000
0,1125959,1689642806.508229544,6285,73,790,1220000,1230000
0,1130650,1689642811.346192599,3035,50,25,3340000,3345000
0,1132371,1689642812.994722926,6285,95,2,1220000,1225000
0,1132718,1689642813.341852133,3035,16,10,3335000,3340000
0,1134690,1689642815.222304146,3035,14,15,3335000,3340000
0,1135957,1689642816.478477323,6285,119,4,1220000,1225000
0,1137631,1689642818.318714004,2615,37,5,509000,510000
0,1138108,1689642818.842866915,6285,124,816,1220000,1230000
0,1138982,1689642819.915164289,6285,1,790,1225000,1230000
0,1140069,1689642821.094600857,6285,1,713,1225000,1230000
0,1148814,1689642830.837492047,3035,10,9,3330000,3335000
0,1156345,1689642839.297801240,3035,13,1,3325000,3330000
0,1158802,1689642841.948642324,3035,16,1,3325000,3330000
0,1161673,1689642845.100629709,3035,4,17,3330000,3335000
0,1166633,1689642850.337872854,3035,6,12,3325000,3330000
0,1169109,1689642853.125893035,2481,73,29,845000,846000
0,1173764,1689642858.799863354,2474,10,37,1755000,1760000
0,1182052,1689642867.613685997,2481,4,7,843000,844000
0,1182190,1689642867.768067358,2481,11,18,842000,843000
0,1186864,1689642873.565454419,3035,24,19,3330000,3335000
0,1190669,1689642878.013471967,2368,30,16,1805000,1810000
0,1192310,1689642879.900393543,3035,8,27,3330000,3340000
0,1199537,1689642888.155726488,6285,205,40,1230000,1235000
0,1200395,1689642889.251174761,6285,209,3,1230000,1235000
0,1211910,1689642902.046337094,6285,191,2,1230000,1235000
0,1213213,1689642903.218492694,6285,182,19,1230000,1235000
0,1225012,1689642914.789003159,3035,26,10,3330000,3335000
0,1226600,1689642916.565719134,5388,62,38,1145000,1150000
0,1234392,1689642924.063413525,3035,30,10,3330000,3335000
0,1240237,1689642929.489452408,3035,5,25,3335000,3340000
0,1241295,1689642930.497947829,3035,4,22,3335000,3340000
0,1241974,1689642930.973464712,3035,6,20,3335000,3340000
0,1242456,1689642931.429023721,3035,7,18,3335000,3340000
0,1247730,1689642937.032732991,3035,10,16,3335000,3340000
0,1248670,1689642937.986751500,3035,10,14,3335000,3340000
0,1258011,1689642947.748521127,3035,3,8,3340000,3345000
0,1258035,1689642947.779468746,2481,20,27,844000,845000
0,1267732,1689642957.719300439,3035,7,167,3345000,3350000
0,1268565,1689642958.542404031,3035,12,159,3345000,3350000
0,1274550,1689642963.301327794,3035,18,140,3345000,3350000
0,1276985,1689642965.516154762,2618,108,194,368500,369000
0,1278583,1689642966.927798875,2481,50,68,843000,845000
0,1270596,1689642960.479034564,2474,15,49,1755000,1760000
0,1285164,1689642973.888747657,3017,32,30,2905000,2910000
0,1307313,1689642995.903269325,2610,775,88,247500,248500
0,1315717,1689643005.128084471,3035,24,50,3355000,3360000
0,1323167,1689643012.093086882,2634,50,16,543000,544000
0,1325319,1689643014.215378081,1609,30,24,398000,399000
0,1325782,1689643014.671893398,1609,13,3,398000,398500
0,1321787,1689643010.925175037,2474,11,51,1755000,1760000
0,1326222,1689643015.078532684,1609,27,3,398000,398500
0,1328916,1689643017.811415770,2481,6,7,840000,841000
0,1344314,1689643032.239763852,3443,22,1,18500000,18550000
0,1349317,1689643037.315038954,1609,87,17,398000,398500
0,1370011,1689643059.891752094,2618,246,40,367500,368000
0,1373053,1689643062.990928989,3035,0,0,0,0
0,1374957,1689643064.960478309,3035,9,105,3355000,3360000
0,1410919,1689643104.835235246,2481,25,43,845000,847000
0,1408398,1689643101.897172963,2327,1,15,4980000,4990000
0,1413818,1689643107.970658671,2379,6,14,4095000,4100000
0,1424827,1689643120.253782769,2323,288,387,145500,146500
0,1428960,1689643124.989734664,3035,5,10,3345000,3350000
0,1441953,1689643138.439193487,2401,76,27,306500,307000
0,1449284,1689643146.894301795,3035,11,16,3340000,3345000
0,1466526,1689643166.233795174,3035,1,15,3340000,3345000
0,1470645,1689643170.940135016,2498,104,7,586000,587000
0,1481244,1689643183.586875865,2449,107,1,671000,672000
0,1482959,1689643185.810925260,3035,44,29,3330000,3335000
0,1484381,1689643187.687917499,2634,57,1,543000,544000
0,1485563,1689643189.452619824,2368,1,46,1815000,1820000
0,1486454,1689643190.619184139,3035,46,29,3320000,3330000
0,1491761,1689643197.757974911,2634,32,25,543000,544000
0,1492656,1689643198.917252305,2634,32,15,543000,544000
0,1492931,1689643199.250368747,2634,32,5,543000,544000
0,1493546,1689643200.044728332,2498,97,14,586000,587000
0,1493402,1689643199.806469159,2634,32,3,543000,544000
0,1496127,1689643202.092675774,2634,32,1,543000,544000
0,1496937,1689643202.778552768,2634,37,1,543000,544000
0,1508103,1689643212.473076886,2481,102,1,834000,835000
0,1515270,1689643219.148641281,2323,852,189,145000,146000
0,1524334,1689643227.842323210,3006,10,7,789000,790000
0,1528275,1689643231.311925007,2401,73,2,305000,305500
0,1528638,1689643231.675759149,1904,37,1,325500,326000
0,1531494,1689643234.865321914,2481,4,11,832000,833000
0,1537275,1689643241.033888387,3481,948,334,161000,161500
0,1537772,1689643241.593898360,2610,4,492,248000,248500
0,1545203,1689643250.085141412,6213,3,3,766000,767000
0,1545078,1689643249.922601329,2327,1,9,4970000,4975000
0,1546067,1689643251.054891980,2376,70,25,3050000,3055000
0,1547431,1689643252.460821364,2481,42,25,830000,831000
0,1551243,1689643256.711709261,5388,57,5,1165000,1170000
0,1568568,1689643275.092064704,5388,58,143,1165000,1175000
0,1568961,1689643275.497968492,4938,28,2,893000,895000
0,1569830,1689643276.379045897,1210,2,3,576000,577000
0,1569488,1689643276.052916402,2323,904,252,145000,146000
0,1569873,1689643276.433952589,5388,56,143,1165000,1175000
0,1570710,1689643277.259195136,4938,300,1,890000,892000
0,1570960,1689643277.457879183,4938,21,2,890000,891000
0,1571976,1689643278.649555441,2481,17,8,831000,833000
0,1573930,1689643280.407171438,5388,46,143,1165000,1175000
0,1574105,1689643280.588366062,5388,46,143,1165000,1175000
0,1577077,1689643283.865728609,4938,6,8,881000,882000
0,1578427,1689643285.621398496,2327,14,11,4965000,4975000
0,1583436,1689643291.061976125,5388,49,7,1165000,1170000
0,1586552,1689643294.553845517,2323,1033,258,145000,146000
0,1587456,1689643295.496860379,2327,8,1,4955000,4960000
0,1591523,1689643300.253765522,4938,11,16,885000,888000
0,1593155,1689643301.928104455,3042,10,1,905000,908000
0,1591860,1689643300.562613591,2401,8,16,305500,306000
0,1598684,1689643308.254029446,2323,1034,249,145000,146000
0,1599398,1689643309.183844543,6213,10,2,765000,769000
0,1611856,1689643323.620505095,2610,915,174,247500,248000
0,1629346,1689643343.870729979,2376,54,12,3025000,3030000
0,1640152,1689643356.465941146,3035,31,14,3315000,3320000
0,1641297,1689643357.790856137,2634,69,41,542000,543000
0,1665170,1689643386.534624240,2634,308,1,541000,542000
0,1665559,1689643386.917786869,2634,308,4,541000,542000
0,1678204,1689643401.978825306,3035,7,48,3315000,3320000
0,1682918,1689643408.355303447,2634,8,21,542000,543000
0,1682989,1689643408.459818550,2634,8,15,542000,543000
0,1683879,1689643409.708662135,2481,1,11,831000,832000
0,1683758,1689643409.542150009,2634,12,9,542000,543000
0,1691731,1689643418.978403286,2634,25,44,542000,544000
0,1694016,1689643421.918485777,3017,13,14,2890000,2895000
0,1694519,1689643422.404754437,2634,26,44,542000,544000
0,1701846,1689643432.058125888,2882,392,290,452000,453000
0,1721115,1689643456.853553866,2376,33,13,3045000,3050000
0,1740050,1689643480.763807037,2481,19,4,827000,828000
0,1743033,1689643484.761028310,2634,41,25,542000,543000
0,1754770,1689643498.681441324,2481,29,9,826000,827000
0,1758843,1689643502.928265004,2376,24,24,3040000,3045000
0,1769289,1689643514.369437107,2634,24,10,542000,543000
0,1778859,1689643525.477705198,2882,376,339,452000,453000
0,1788169,1689643536.954911467,2634,1,22,542000,543000
0,1816416,1689643574.241506874,2481,29,3,829000,830000
0,1852121,1689643619.405096332,3035,46,36,3300000,3305000
0,1868372,1689643638.902444202,3035,62,12,3295000,3300000
0,1871129,1689643642.177245038,3035,57,18,3295000,3300000
0,1876120,1689643648.212965029,3035,76,11,3290000,3295000
0,1876621,1689643648.754445922,3035,12,12,3290000,3295000
0,1878460,1689643651.369769886,2610,7,445,247500,248000
0,1903331,1689643683.110113824,2615,34,39,509000,510000
0,1951620,1689643740.770031489,2615,26,51,509000,510000
0,1952109,1689643741.166664823,2615,24,51,509000,510000
0,1960395,1689643750.914485316,4938,56,23,890000,891000
0,1972525,1689643764.134556251,3035,41,9,3255000,3260000
0,1972842,1689643764.511889493,3035,45,6,3255000,3260000
0,1974184,1689643766.039687403,3035,53,21,3255000,3265000
0,1986133,1689643780.104968096,3035,19,8,3255000,3260000
0,1988877,1689643783.261559472,2634,370,1,541000,542000
0,2021570,1689643815.473127806,6213,3,1,764000,765000
0,2041680,1689643836.369158338,2323,1138,334,145000,146000
0,2044754,1689643839.156297197,2634,381,54,541000,543000
0,2074324,1689643869.302463731,2368,93,51,1775000,1780000
0,2083990,1689643879.752826451,1301,22,72,834000,836000
0,2095607,1689643893.236537515,3006,16,4,785000,786000
0,2104167,1689643902.478637099,2481,65,1,825000,826000
0,2107653,1689643905.843055623,3035,1,52,3275000,3280000
0,2108710,1689643907.034595765,3006,11,2,785000,786000
0,2125657,1689643924.454917812,2615,11,19,508000,509000
0,2131886,1689643931.339983173,2615,3,20,508000,509000
0,2150245,1689643951.223260403,2401,30,5,301000,301500
0,2179876,1689643986.045206231,3035,70,34,3275000,3285000
0,2187539,1689643994.774345494,2615,4,19,508000,509000
0,2197925,1689644006.884462500,2376,25,33,3005000,3015000
0,2196903,1689644005.680133266,2634,30,56,542000,543000
0,2203415,1689644013.068337432,2634,28,54,542000,543000
0,2204057,1689644013.726114201,2634,28,52,542000,543000
0,2206556,1689644016.747542662,2481,63,22,822000,823000
0,2212098,1689644023.557391810,2313,50,24,482500,483000
0,2217860,1689644031.331630931,3035,38,16,3260000,3265000
0,2222770,1689644037.768624170,2615,2,19,508000,509000
0,2231105,1689644047.133226208,2634,50,52,542000,543000
0,2231408,1689644047.424949638,2634,35,47,542000,543000
0,2233643,1689644049.990791125,2634,39,39,542000,543000
0,2236929,1689644053.386015992,2634,39,17,542000,543000
0,2238674,1689644055.537312172,2634,40,10,542000,543000
0,2240292,1689644057.667258177,2634,2,67,543000,544000
0,2239991,1689644057.289261190,3017,6,21,2890000,2895000
0,2240384,1689644057.769454234,2634,49,14,542000,543000
0,2250855,1689644070.882026114,2376,40,11,3010000,3015000
0,2254371,1689644075.153262204,3035,10,63,3245000,3250000
0,2265436,1689644089.625642307,2634,55,16,542000,543000
0,2271411,1689644097.362508868,4938,13,19,883000,886000
0,2282627,1689644109.003886861,2634,41,13,542000,543000
0,2292162,1689644121.244018058,3035,12,35,3235000,3240000
0,2313699,1689644150.473396431,2376,13,21,3010000,3015000
0,2313766,1689644150.540953662,2376,13,27,3010000,3015000
0,2315011,1689644151.966261329,2376,7,15,3005000,3010000
0,2344496,1689644180.531416054,4938,32,7,875000,878000
0,2351083,1689644188.297704098,2481,23,33,818000,820000
0,2352047,1689644189.329835229,2615,1,19,510000,511000
0,2352940,1689644190.371981148,5388,140,92,1145000,1155000
0,2357648,1689644195.385675790,3019,1,1,673000,675000
0,2370384,1689644209.308008121,3035,50,17,3230000,3235000
0,2374326,1689644214.023622428,3035,40,24,3230000,3235000
0,2381248,1689644221.071893091,2615,1,46,512000,513000
0,2381845,1689644221.630984018,6213,23,6,758000,759000
0,2384698,1689644224.434121271,3035,37,28,3220000,3230000
0,2393745,1689644233.741243126,4938,53,27,870000,871000
0,2394086,1689644234.145509550,3035,2,21,3220000,3225000
0,2401386,1689644241.372854333,2615,23,41,511000,513000
0,2426836,1689644264.545429060,2615,23,3,511000,512000
0,2431841,1689644268.985813500,4938,2,53,863000,865000
0,2436986,1689644273.724296457,4938,73,22,862000,864000
0,2444628,1689644280.879605999,6213,1,1,756000,757000
0,2446297,1689644282.132895288,6213,13,1,755000,757000
0,2453513,1689644289.085834357,2368,1,24,1765000,1770000
0,2463653,1689644297.663155903,4938,19,21,856000,859000
0,2465215,1689644299.356670186,2368,20,23,1765000,1770000
0,2501572,1689644330.206309007,3673,35,10,411500,412000
0,2506432,1689644333.991964583,3035,13,31,3205000,3215000
0,2507325,1689644334.613350596,3035,3,7,3205000,3215000
0,2510899,1689644337.400724254,3035,4,3,3205000,3210000
0,2526979,1689644349.833369911,2449,30,19,648000,649000
0,2530890,1689644353.229873087,4938,28,223,857000,860000
0,2537203,1689644358.508550232,3035,3,25,3205000,3210000
0,2539340,1689644360.523795403,3034,4,10,4115000,4120000
0,2550990,1689644370.775161974,3714,29,15,499000,500000
0,2554866,1689644374.005303528,3035,20,38,3190000,3195000
0,2564878,1689644383.517160223,3035,37,7,3180000,3190000
0,2572919,1689644390.544299046,3706,8,1,554000,560000
0,2572919,1689644390.544299046,3706,8,1,554000,560000
0,2572919,1689644390.544299046,3706,8,1,554000,560000
0,2573295,1689644390.808015949,3035,4,11,3180000,3185000
0,2573642,1689644391.029318761,3035,2,12,3180000,3185000
0,2574974,1689644391.948936172,3035,21,2,3175000,3180000
0,2584755,1689644400.073736156,3035,7,20,3175000,3180000
0,2596702,1689644407.159966054,3035,12,55,3180000,3190000
0,2604962,1689644412.721165032,2353,45,31,408500,409000
0,2605554,1689644413.111186345,2353,26,295,406500,407000
0,2606266,1689644413.632258620,2353,22,1,406000,406500
0,2607361,1689644414.602216326,6116,405,346,139500,140000
0,2607486,1689644414.704172179,3035,32,3,3185000,3195000
0,2612246,1689644418.620301590,3035,33,13,3185000,3195000
0,2614507,1689644420.463712094,2313,13,2,478000,479000
0,2617459,1689644422.742249846,4938,83,27,850000,853000
0,2618511,1689644423.435073611,4938,71,27,850000,853000
0,2631008,1689644431.169001915,2353,309,1,399000,401500
0,2632202,1689644431.991342814,2353,3,1,399500,400500
0,2652647,1689644445.533809561,2353,40,11,400000,401500
0,2654001,1689644446.492009472,3035,10,66,3190000,3195000
0,2656869,1689644448.545390809,3042,11,1,902000,903000
0,2666737,1689644455.752815887,4938,13,27,847000,849000
0,2667875,1689644456.498769916,2344,3,65,286500,287000
0,2668957,1689644457.282862228,2353,10,24,397500,398500
0,2679434,1689644464.404497515,2371,47,42,499500,501000
0,2680440,1689644464.878926207,2353,10,14,399500,401500
0,2681589,1689644465.534827172,2371,43,2,499500,500000
0,2687153,1689644468.883128994,2313,55,42,477500,478500
0,2687273,1689644468.942534572,4938,1,13,851000,853000
0,2692869,1689644472.321353616,3035,54,52,3190000,3195000
0,2693673,1689644472.613488147,3035,56,72,3190000,3205000
0,2697969,1689644475.318855581,2353,55,63,400000,402500
0,2701298,1689644477.679003665,2353,23,5,401000,402000
0,2702152,1689644478.449961262,4938,8,2,852000,854000
0,2709829,1689644484.746768874,2353,89,44,402000,404500
0,2713979,1689644488.304317162,2353,3,15,402500,404500
0,2724757,1689644497.630240640,3035,58,29,3185000,3195000
0,2724981,1689644497.864460108,3035,2,29,3190000,3195000
0,2731731,1689644504.333249106,2353,54,81,402500,403500
0,2737128,1689644509.643736454,2481,1,15,810000,811000
0,2738909,1689644511.480778993,6213,9,4,751000,755000
0,2743567,1689644515.225711130,3035,32,20,3190000,3200000
0,2743689,1689644515.327147623,2353,43,22,401000,403000
0,2746362,1689644517.654853423,1504,2,41,537000,538000
0,2747755,1689644518.961141983,3035,33,1,3190000,3195000
0,2754233,1689644524.055689067,2376,9,13,2955000,2960000
0,2754024,1689644523.914029238,3035,36,7,3190000,3195000
0,2760957,1689644529.763613069,3035,1,21,3195000,3200000
0,2763217,1689644531.758319995,3035,31,7,3190000,3195000
0,2766000,1689644534.370538472,3035,62,4,3185000,3195000
0,2777030,1689644545.129138337,2481,3,29,810000,811000
0,2783958,1689644551.154093729,2376,35,36,2955000,2960000
0,2784707,1689644552.025893566,2376,26,92,2955000,2960000
0,2787321,1689644554.552936896,4938,20,10,857000,858000
0,2793692,1689644560.604751959,3035,1,22,3195000,3200000
0,2795469,1689644562.361650763,2474,21,1,1760000,1765000
0,2795519,1689644562.394737588,3035,1,14,3190000,3195000
0,2799682,1689644566.161395427,2376,69,25,2950000,2955000
0,2803579,1689644570.024881536,3035,49,26,3180000,3185000
0,2811423,1689644577.603311130,2353,171,14,401000,402000
0,2813536,1689644579.974194020,3035,40,27,3165000,3170000
0,2833167,1689644597.659881080,3380,2,1,444000,444500
0,2834363,1689644598.793016409,3380,23,6,443500,444500
0,2836739,1689644601.100291735,3035,4,29,3130000,3140000
0,2844604,1689644608.104643963,3035,1,17,3135000,3145000
0,2848947,1689644612.214861288,2376,7,24,2945000,2950000
0,2850101,1689644613.212432149,3035,7,13,3125000,3140000
0,2854340,1689644617.090235820,2615,33,17,508000,509000
0,2858501,1689644620.882188866,2376,73,22,2940000,2945000
0,2865452,1689644626.401568711,2376,42,30,2935000,2940000
0,2872288,1689644631.546567065,3035,1,9,3140000,3150000
0,2876742,1689644635.116868562,3035,5,9,3140000,3145000
0,2879192,1689644637.034207539,3035,1,11,3140000,3145000
0,2883410,1689644640.626192795,3035,28,8,3135000,3150000
0,2890216,1689644646.256759497,2353,154,13,398000,399000
0,2893006,1689644648.807262326,1609,38,62,389500,390500
0,2897898,1689644652.630688301,3035,24,11,3145000,3155000
0,2901817,1689644655.996374284,2353,182,35,397500,398500
0,2911962,1689644664.532791034,2481,9,1,808000,809000
0,2912871,1689644665.316160274,3035,10,13,3145000,3150000
0,2924621,1689644674.402447316,3673,27,1,409500,410500
0,2927765,1689644676.705314838,1609,61,104,390000,391000
0,2931439,1689644679.906163507,4938,2,7,844000,845000
0,2933367,1689644681.196481986,2481,40,21,806000,807000
0,2934248,1689644681.890767330,2481,102,63,809000,810000
0,2957423,1689644696.765298364,3035,3,15,3145000,3150000
0,2960219,1689644698.730834286,2301,33,414,1385000,1390000
0,2959266,1689644697.918302738,3380,45,9,440000,441500
0,2965717,1689644701.153784392,3035,28,4,3140000,3145000
0,2971174,1689644702.735810868,3035,12,3,3140000,3145000
0,2989321,1689644710.760248399,2881,1178,472,652000,653000
0,2999168,1689644716.142312144,4938,10,26,834000,836000
0,3016533,1689644726.945084083,1609,34,9,389500,390000
0,3019075,1689644728.432705416,2376,1,5,2910000,2915000
0,3020972,1689644729.545210017,3035,24,3,3120000,3135000
0,3024823,1689644731.505737510,4938,15,5,834000,837000
0,3025233,1689644731.762340144,4938,7,5,835000,837000
0,3026156,1689644732.390358602,2340,22,1,544000,546000
0,3027207,1689644733.109146519,3035,23,2,3135000,3140000
0,3031080,1689644735.807988161,3035,8,2,3130000,3140000
0,3031919,1689644736.311301179,2376,7,12,2915000,2920000
0,3031597,1689644736.084987085,2340,25,25,544000,547000
0,3032796,1689644736.963881234,4938,1,2,833000,835000
0,3042041,1689644743.502471536,3035,6,4,3130000,3135000
0,3047486,1689644747.919204703,1609,12,63,389500,390000
0,3048095,1689644748.388839983,4938,33,1,833000,835000
0,3048470,1689644748.680967683,3035,8,7,3130000,3135000
0,3048965,1689644749.084349961,1609,1,86,389500,390000
0,3049793,1689644749.692747422,4938,31,4,833000,836000
0,3051974,1689644751.477484359,3035,6,17,3130000,3135000
0,3059834,1689644757.620519643,2481,79,12,805000,806000
0,3060067,1689644757.868241157,2376,34,18,2910000,2920000
0,3060732,1689644758.482203020,2376,18,11,2910000,2915000
0,3066376,1689644762.263460812,6213,3,3,745000,747000
0,3067892,1689644763.566357084,2376,7,7,2910000,2915000
0,3071217,1689644766.115854774,3035,66,16,3100000,3110000
0,3073166,1689644767.513486612,2492,3,5,993000,994000
0,3082160,1689644775.419980843,4938,15,2,833000,834000
0,3102632,1689644792.594599640,2481,33,27,802000,805000
0,3111232,1689644800.097721196,6213,3,1,746000,749000
0,3117846,1689644805.313740990,2481,7,1,804000,805000
0,3125527,1689644812.061265666,4938,18,2,837000,838000
0,3128222,1689644814.374368134,4938,1,10,838000,839000
0,3130142,1689644816.158276079,2355,4,17,356000,357000
0,3131260,1689644817.200654106,3035,3,43,3075000,3080000
0,3134642,1689644820.253578762,4938,1,7,840000,841000
0,3140116,1689644824.307897423,2376,6,5,2920000,2925000
0,3148658,1689644831.280346250,3035,15,30,3060000,3065000
0,3152786,1689644834.747419050,2376,16,6,2915000,2920000
0,3158065,1689644839.062091822,1609,49,2,388500,389000
0,3159432,1689644840.285130760,2376,1,17,2915000,2920000
0,3158288,1689644839.262932573,1909,82,13,162500,163500
0,3166832,1689644847.633903102,2376,9,17,2915000,2920000
0,3167700,1689644848.393252052,2615,137,32,505000,507000
0,3170265,1689644850.958894039,2481,10,13,804000,805000
0,3172210,1689644852.545613239,3034,6,4,4105000,4110000
0,3172847,1689644853.063122862,2615,137,32,505000,507000
0,3170961,1689644851.587990061,6213,3,4,746000,748000
0,3184729,1689644864.194618874,6213,1,1,745000,746000
0,3189687,1689644869.303848447,2449,18,2,634000,635000
0,3190404,1689644869.861814406,2376,37,29,2905000,2910000
0,3194587,1689644873.825974713,2301,37,308,1385000,1390000
0,3196800,1689644876.199057334,3380,5,7,434500,435000
0,3201450,1689644881.032406339,2376,99,27,2900000,2905000
0,3200906,1689644880.689450423,2481,1,6,807000,808000
0,3206452,1689644885.867990604,3037,22,190,1840000,1845000
0,3207073,1689644886.235159890,3443,12,1,17850000,17900000
0,3208279,1689644887.335311009,3380,13,3,434000,434500
0,3210921,1689644889.532021912,2481,3,8,807000,808000
0,3216015,1689644894.326249753,2301,40,6,1370000,1375000
0,3216042,1689644894.353344385,3042,1,7,902000,906000
0,3219394,1689644896.922703979,2449,32,8,634000,635000
0,3225721,1689644902.190517731,2301,8,25,1370000,1375000
0,3227991,1689644903.909010420,3035,6,3,3090000,3095000
0,3230602,1689644906.102283868,2376,4,9,2885000,2890000
0,3232367,1689644907.681284516,3035,2,3,3090000,3095000
0,3257260,1689644930.558853431,2376,31,22,2875000,2885000
0,3257753,1689644930.964173239,2376,19,16,2875000,2880000
0,3258619,1689644931.551375926,2376,15,18,2875000,2880000
0,3259219,1689644932.041132680,2376,10,19,2875000,2880000
0,3259557,1689644932.407509965,2376,5,20,2875000,2880000
0,3269939,1689644941.397174285,2301,76,77,1350000,1355000
0,3283459,1689644953.981123888,2376,1,27,2880000,2885000
0,3295044,1689644963.444985836,2376,4,20,2880000,2885000
0,3296976,1689644965.142743604,2376,1,26,2880000,2885000
0,3298899,1689644966.385286153,2376,3,24,2880000,2885000
0,3301450,1689644968.398310577,2449,28,2,635000,636000
0,3301997,1689644968.908025475,1609,1,4,391000,391500
0,3302699,1689644969.524359192,2376,33,23,2875000,2885000
0,3311053,1689644977.038685737,3035,34,25,3100000,3110000
0,3314183,1689644979.511614671,2376,12,26,2880000,2885000
0,3314525,1689644979.861992820,3035,45,4,3100000,3105000
0,3321231,1689644985.441839653,4938,22,25,834000,836000
0,3331917,1689644995.425100224,3035,1,22,3110000,3115000
0,3334788,1689644997.989403497,2376,1,32,2880000,2885000
0,3336364,1689644999.478062066,2376,2,30,2875000,2885000
0,3345935,1689645007.536918512,2481,12,5,806000,807000
0,3348394,1689645009.675548857,4938,10,34,830000,832000
0,3362095,1689645023.298017289,2376,20,32,2875000,2880000
0,3361363,1689645022.488626372,6213,2,3,745000,746000
0,3364676,1689645026.068894749,6213,10,2,744000,745000
0,3366365,1689645027.832910239,6213,3,1,744000,746000
0,3366939,1689645028.512699836,6213,3,4,744000,747000
0,3375315,1689645037.850611847,2327,5,10,4905000,4910000
0,3377396,1689645039.933577095,3706,142,4,500000,501000
0,3378158,1689645040.634460573,2382,27,68,1945000,1950000
0,3377849,1689645040.319167753,2376,8,35,2875000,2880000
0,3379499,1689645041.626706581,3706,5,69,502000,503000
0,3381226,1689645043.189282500,6669,35,4,18000000,18050000
0,3387587,1689645050.121652708,3706,1,26,502000,503000
0,3388650,1689645051.312449094,3706,52,25,501000,503000
0,3393655,1689645056.146915501,3706,7,2,504000,505000
0,3397966,1689645060.729287564,2618,203,107,368000,369000
0,3401378,1689645063.862681585,3706,1,1,507000,508000
0,3402038,1689645064.496636908,3035,14,32,3095000,3100000
0,3402552,1689645064.867320607,2368,17,36,1725000,1730000
0,3404511,1689645066.851864870,2376,1,19,2890000,2895000
0,3405354,1689645067.762163622,2376,7,10,2885000,2890000
0,3408780,1689645071.002041460,5388,185,2,1120000,1125000
0,3422232,1689645084.722865410,3019,1,2,666000,667000
0,3428403,1689645090.823887287,4938,1,334,829000,830000
0,3429820,1689645092.228919085,4938,1,334,829000,830000
0,3449295,1689645111.508949559,2376,1,20,2905000,2910000
0,3482528,1689645137.563994999,2376,19,24,2915000,2925000
0,3483951,1689645138.760084182,2481,1,14,806000,807000
0,3494652,1689645147.814589590,2376,35,18,2920000,2930000
0,3509937,1689645161.331836377,2376,13,44,2925000,2935000
0,3511096,1689645162.060911960,2376,1,42,2930000,2935000
0,3527388,1689645175.033905363,6414,4,8,3025000,3040000
0,3556382,1689645199.991301102,4938,22,8,833000,834000
0,3560509,1689645203.795982391,2610,83,265,249000,249500
0,3564109,1689645206.918796326,3706,11,37,527000,529000
0,3564710,1689645207.517663391,3706,15,30,527000,529000
0,3566551,1689645209.488719898,3706,5,294,528000,530000
0,3571069,1689645214.100697981,4938,32,23,834000,835000
0,3584805,1689645227.738492392,3035,35,1,3145000,3155000
0,3588014,1689645231.007580273,2610,58,1380,249500,250000
0,3594604,1689645237.855471248,2610,162,838,249500,250000
0,3612094,1689645254.070314494,2027,66,38,473500,475000
0,3621116,1689645262.370665227,2368,8,12,1750000,1755000
0,3634983,1689645275.516857564,2449,19,4,640000,641000
0,3636620,1689645277.058007850,2481,37,27,820000,821000
0,3658076,1689645298.869670946,3035,15,16,3150000,3155000
0,3700381,1689645339.562747282,1609,60,105,394500,395500
0,3703494,1689645342.739194680,2615,26,3,507000,508000
0,3714864,1689645353.775517645,4938,43,2,854000,855000
0,3717584,1689645356.333912513,4938,1,18,856000,857000
0,3717669,1689645356.411885924,4938,4,17,855000,857000
0,3733724,1689645370.556752305,3035,67,41,3165000,3175000
0,3736892,1689645373.241408926,3035,70,41,3165000,3175000
0,3743943,1689645379.009120274,3035,59,12,3165000,3170000
0,3743943,1689645379.009120274,3035,59,12,3165000,3170000
0,3744841,1689645379.580941888,4938,1,35,855000,856000
0,3745709,1689645380.182362231,4938,1,34,855000,856000
0,3749129,1689645382.226557953,4938,11,22,852000,853000
0,3749914,1689645382.705742159,4938,49,1,851000,852000
0,3748909,1689645382.119615789,3006,34,13,776000,778000
0,3752193,1689645383.829468940,2327,18,11,4910000,4915000
0,3747779,1689645381.477309127,3034,6,19,4105000,4110000
0,3755266,1689645385.908374422,4938,45,7,851000,853000
0,3756937,1689645387.038103876,2393,14,1,537000,538000
0,3759067,1689645388.653433603,4938,39,11,851000,852000
0,3768746,1689645396.323859192,4938,5,26,849000,850000
0,3777486,1689645405.356097982,3443,4,5,18050000,18100000
0,3784016,1689645412.283969373,2618,96,90,371500,372000
0,3786353,1689645414.943289884,2618,106,1,371500,372000
0,3787706,1689645416.294152293,2634,99,3,538000,539000
0,3791177,1689645420.618728070,2618,102,72,371500,372000
0,3792627,1689645422.300403435,2618,102,60,371500,372000
0,3800370,1689645429.854253357,2313,2,1,474500,475500
0,3820819,1689645453.354945420,3035,11,9,3160000,3165000
0,3830595,1689645465.892505730,3035,4,12,3165000,3170000
0,3860386,1689645505.070666624,3035,31,6,3160000,3170000
0,3862519,1689645507.793610333,2368,2,36,1755000,1760000
0,3888517,1689645542.417379106,3019,1,5,667000,669000
0,3901703,1689645561.712877458,2481,24,65,819000,821000
0,3908912,1689645574.108584467,3035,2,20,3160000,3165000
0,3918288,1689645591.012243732,3035,15,20,3165000,3170000
0,3927821,1689645603.077050204,2474,17,32,1770000,1775000
0,3929309,1689645604.490923649,3035,15,11,3175000,3180000
0,3928538,1689645603.613571463,2634,7,181,539000,540000
0,3944222,1689645625.887654388,2371,7,34,499500,501000
0,3953305,1689645638.283570141,3035,35,27,3185000,3190000
0,3963199,1689645651.866138855,2481,31,1,820000,821000
0,3981534,1689645678.767686493,2371,11,27,500000,501000
0,3987345,1689645688.436444975,3035,77,1,3190000,3195000
0,4007059,1689645721.397242345,3035,49,31,3200000,3205000
0,4008671,1689645723.302235124,3035,59,24,3200000,3205000
0,4013277,1689645731.159183741,2393,5,48,537000,538000
0,4014081,1689645732.466931468,3035,41,61,3205000,3210000
0,4013972,1689645732.311341288,6213,2,2,757000,761000
0,4020337,1689645740.637812184,3035,27,59,3210000,3215000
0,4023782,1689645745.192244716,3035,44,28,3210000,3215000
0,4023955,1689645745.455504063,3035,44,21,3210000,3215000
0,4033899,1689645757.443091864,3006,13,2,777000,778000
0,4043287,1689645766.654246505,6213,2,3,757000,759000
0,4042466,1689645765.800133140,2371,5,70,499500,500000
0,4058530,1689645785.092409558,3035,12,5,3205000,3210000
0,4060840,1689645787.704331230,3035,12,4,3205000,3210000
0,4069878,1689645800.234132691,2368,44,1,1740000,1745000
0,4078805,1689645812.745305191,3035,23,45,3200000,3205000
0,4079006,1689645812.993258686,3035,21,43,3200000,3205000
0,4078289,1689645811.862653540,3034,47,7,4100000,4105000
0,4082942,1689645818.857676703,3035,14,39,3195000,3200000
0,4083054,1689645819.020761466,3035,13,39,3195000,3200000
0,4084722,1689645821.810398118,3034,44,1,4100000,4105000
0,4084519,1689645821.529156224,2368,36,26,1740000,1750000
0,4095713,1689645835.487529877,4938,22,5,833000,835000
0,4144785,1689645890.938957870,2368,63,1,1735000,1740000
0,4144905,1689645891.110291702,2368,62,26,1735000,1745000
0,4133757,1689645876.828256011,1707,14,11,1635000,1645000
0,4191669,1689645949.279846800,2313,11,78,469000,470000
0,4192592,1689645950.673827626,3035,6,5,3115000,3125000
0,4194939,1689645953.730647258,3035,1,5,3120000,3125000
0,4195185,1689645954.024333422,3035,3,2,3120000,3125000
0,4200482,1689645961.479087823,3035,7,4,3125000,3130000
0,4215170,1689645979.281642624,2371,25,11,497000,498000
0,4311484,1689646098.347446957,6213,5,6,750000,753000
0,4317624,1689646108.009133439,2059,2,2,8390000,8420000
0,4326392,1689646122.583649632,2059,17,3,8420000,8440000
0,4343105,1689646150.115278545,1303,95,5,702000,705000
0,4420054,1689646290.104666167,3035,4,10,3175000,3180000
0,4421997,1689646293.434849369,2201,1,17,827000,828000
0,4428122,1689646305.063629847,2371,46,21,498500,499000
0,4429801,1689646308.207591014,2371,48,9,498500,499000
0,4446005,1689646338.044861308,3035,6,18,3175000,3180000
0,4460123,1689646368.515446968,3035,18,17,3170000,3175000
0,4461125,1689646370.285979309,2201,1,19,827000,828000
0,4474926,1689646396.936940834,3035,13,6,3155000,3160000
0,4478372,1689646403.160918750,3035,13,20,3155000,3160000
0,4479723,1689646405.437414863,3035,8,20,3155000,3160000
0,4484576,1689646413.614532243,2481,19,9,811000,812000
0,4516501,1689646470.281714692,2634,191,23,537000,538000
0,4525168,1689646487.249514142,2634,193,24,537000,538000
0,4529733,1689646497.111738818,2634,194,20,537000,538000
0,4530616,1689646499.058597432,2634,194,17,537000,538000
0,4531120,1689646500.041697433,2634,194,14,537000,538000
0,4545906,1689646527.219942886,2610,259,1026,250500,251000
0,4552808,1689646543.509007131,2059,2,7,8450000,8470000
0,4555341,1689646549.796213265,3035,14,13,3170000,3175000
0,4568957,1689646580.989740241,2481,28,37,813000,815000
0,4576285,1689646596.564926048,1504,28,27,532000,534000
0,4579708,1689646605.040221451,2615,20,24,507000,508000
0,4579952,1689646605.496405402,2610,363,766,250500,251000
0,4581700,1689646608.898332583,2610,268,531,251500,252000
0,4585904,1689646616.720006303,3037,166,130,1845000,1850000
0,4596069,1689646635.344219132,2368,1,16,1750000,1755000
0,4611219,1689646665.568078630,4958,257,18,1055000,1060000
0,4639884,1689646712.375634798,2371,65,73,502000,503000
0,4645549,1689646722.955755077,2618,23,1396,374500,375000
0,4646049,1689646723.826040331,2481,1,24,817000,818000
0,4646064,1689646723.858284942,2618,376,1387,374000,375000
0,4647980,1689646727.999051992,2618,25,1385,374500,375000
0,4653088,1689646738.400866552,2618,139,1336,374500,375000
0,4668699,1689646767.694782962,2610,314,218,252000,252500
0,4677456,1689646783.601755682,2634,50,51,538000,539000
0,4686889,1689646800.812300566,3035,36,18,3190000,3195000
0,4691198,1689646808.786556622,3035,8,38,3195000,3200000
0,4691726,1689646809.492101776,2609,24,363,459500,460000
0,4694534,1689646813.277652548,2615,12,65,511000,512000
0,4696668,1689646816.972402106,2634,29,41,538000,539000
0,4697262,1689646817.959576824,2634,68,37,538000,539000
0,4697772,1689646819.041943337,2634,57,33,538000,539000
0,4698578,1689646820.360306100,2634,53,27,538000,539000
0,4700390,1689646823.839887921,2634,1,19,538000,539000
0,4705719,1689646833.101511501,2481,1,20,820000,821000
0,4707158,1689646835.912458536,2634,1,20,538000,539000
0,4708344,1689646838.507266689,2634,201,20,537000,539000
0,4723225,1689646865.059894207,2610,195,609,254500,255000
0,4744242,1689646901.932516520,2881,47,251,654000,655000
0,4745147,1689646902.965721419,3019,1,8,668000,669000
0,4750163,1689646910.808623673,2481,56,59,820000,822000
0,4761552,1689646927.724738025,2371,45,116,503000,504000
0,4761757,1689646928.055083561,2371,46,45,503000,504000
0,4789426,1689646973.874960816,2610,4,327,254000,254500
0,4790135,1689646975.658419735,2615,33,1,513000,514000
0,4797118,1689646989.868865839,2610,7,286,254000,254500
0,4797356,1689646990.351931832,2610,1,285,254000,254500
0,4794546,1689646984.490387143,2393,24,1,533000,534000
0,4800876,1689646996.670048564,2610,162,6,253500,254000
0,4802727,1689647000.441542063,3035,9,9,3165000,3170000
0,4806293,1689647006.787264454,2615,31,107,513000,515000
0,4812253,1689647018.113787795,2634,50,5,538000,539000
0,4812271,1689647018.144798455,3443,119,4,18000000,18050000
0,4812433,1689647018.370958861,3035,5,4,3170000,3175000
0,4823680,1689647039.769586280,2610,242,656,253500,254000
0,4823719,1689647039.861419755,2634,41,1,538000,539000
0,4824759,1689647041.827668981,2615,21,3,515000,516000
0,4825212,1689647042.628810465,2610,301,584,253500,254000
0,4840070,1689647074.591202259,2313,9,5,474000,474500
0,4842936,1689647080.305213558,2634,57,1,538000,539000
0,4860509,1689647114.192704902,3035,7,5,3175000,3180000
0,4868317,1689647131.403145860,2610,5,830,254500,255000
0,4869664,1689647134.260421322,2393,3,11,533000,534000
0,4913934,1689647241.425390618,2634,134,248,538000,540000
0,4916392,1689647247.575568835,2634,123,1,538000,539000
0,4919565,1689647255.726719904,2634,2,252,539000,540000
0,4920181,1689647257.529980960,2634,126,10,538000,539000
0,4949147,1689647328.134617927,2634,53,5,538000,539000
0,4949872,1689647329.994157114,2634,2,246,539000,540000
0,4955671,1689647342.394023479,2610,254,181,253000,253500
0,4969967,1689647377.428549347,2634,92,248,538000,540000
0,4976806,1689647393.903945279,2634,1,255,539000,540000
0,4990539,1689647419.196927394,2634,78,1,538000,539000
0,4991458,1689647421.207625025,2634,72,15,538000,539000
0,4992262,1689647423.484533656,2634,66,9,538000,539000
0,4995347,1689647431.480955429,3035,8,14,3185000,3190000
0,4996304,1689647433.510682573,3035,4,14,3185000,3190000
0,4998230,1689647436.541738971,2634,62,1,538000,539000
0,5001864,1689647442.562853301,2634,58,1,538000,539000
0,5042475,1689647533.276994050,2610,430,15,253000,253500
0,5076780,1689647618.736988019,2371,225,110,507000,508000
0,5077175,1689647619.730294173,2371,233,88,507000,508000
0,5090698,1689647649.733875937,2371,132,407,507000,509000
0,5098743,1689647670.370851759,2371,36,364,508000,509000
0,5102397,1689647680.481609024,2634,236,53,537000,539000
0,5105239,1689647688.577912153,2634,237,53,537000,539000
0,5121661,1689647729.062040560,3045,82,71,943000,945000
0,5136141,1689647764.607365851,2634,30,9,538000,539000
0,5139361,1689647771.639511863,2002,465,43,291500,292000
0,5141611,1689647777.112790358,2634,2,255,539000,540000
0,5145539,1689647786.688447695,2634,1,252,539000,540000
0,5165888,1689647831.111097881,2634,70,1,538000,539000
0,5166116,1689647831.365434052,2634,76,240,538000,540000
0,5166406,1689647831.823825364,2634,76,233,538000,540000
0,5170330,1689647840.352683392,2634,86,236,538000,540000
0,5171308,1689647842.507187420,2634,86,236,538000,540000
0,5177234,1689647855.538884836,2634,85,239,538000,540000
0,5182105,1689647866.812131410,2634,1,231,539000,540000
0,5185906,1689647876.830086183,2634,101,232,538000,540000
0,5234612,1689647985.023488581,2059,6,18,8690000,8710000
0,5249157,1689648014.545594353,2634,6,238,539000,540000
0,5254531,1689648025.964846428,6278,6,2,879000,880000
0,5258346,1689648033.455861859,9904,64,32,301500,302500
0,5284027,1689648078.927235233,2634,135,251,538000,540000
0,5291755,1689648093.783447169,2368,59,184,1765000,1770000
0,5291343,1689648092.696987047,2634,131,251,538000,540000
0,5292586,1689648095.349270620,2634,131,243,538000,540000
0,5320048,1689648150.525025173,2634,180,234,539000,540000
0,5320660,1689648150.815005254,2634,43,42,540000,541000
0,5321772,1689648152.980640473,6213,15,10,784000,785000
0,5331165,1689648168.343469940,1504,1,53,536000,537000
0,5352771,1689648193.605193567,2371,32,88,509000,510000
0,5367296,1689648223.885346115,6213,23,9,786000,788000
0,5370080,1689648230.547485079,3044,110,1,1140000,1145000
0,5403993,1689648316.542004972,6213,1,21,788000,789000
0,5404329,1689648317.699085842,6213,1,46,789000,790000
0,5425326,1689648373.542498024,2474,22,3,1790000,1795000
0,5466569,1689648484.654074950,2618,27,282,374500,375000
0,5476087,1689648508.136800419,6278,6,1,880000,881000
0,5479286,1689648518.210925525,2371,42,42,507000,508000
0,5479996,1689648520.145350722,6213,2,10,788000,789000
0,5493806,1689648560.245562459,3035,19,5,3140000,3145000
0,5498472,1689648574.330621958,3035,11,2,3145000,3150000
0,5569266,1689648746.917481574,3035,12,13,3145000,3150000
0,5583686,1689648782.741942087,2313,16,119,474000,475000
0,5599557,1689648827.008025954,2634,31,109,540000,541000
0,5608917,1689648853.925297592,2313,28,4,474000,474500
0,5615693,1689648873.463312020,1301,489,12,830000,831000
0,5629334,1689648910.669785767,6213,28,1,785000,786000
0,5636789,1689648932.618860375,3035,32,16,3140000,3150000
0,5645855,1689648957.707849785,2481,24,41,811000,813000
0,5645875,1689648957.791777721,2481,24,2,811000,812000
0,5651099,1689648972.084025922,2481,1,26,811000,812000
0,5659484,1689648994.596929988,3035,15,21,3145000,3150000
0,5659710,1689648995.346394954,3035,15,17,3145000,3150000
0,5660312,1689648997.151773499,3035,15,13,3145000,3150000
0,5666026,1689649011.433648265,2368,16,73,1775000,1780000
0,5667012,1689649014.409823504,3035,7,4,3150000,3155000
0,5672327,1689649026.011595723,2634,5,127,540000,541000
0,5678701,1689649039.674839620,3035,4,13,3155000,3160000
0,5679579,1689649042.281020948,3035,9,11,3155000,3160000
0,5681524,1689649046.594198480,3035,1,5,3155000,3160000
0,5686564,1689649057.943301074,3037,213,1391,1895000,1900000
0,5686739,1689649058.301715490,3037,213,1383,1895000,1900000
0,5686912,1689649058.903722272,3037,219,1363,1895000,1900000
0,5686980,1689649059.100368733,3037,219,1351,1895000,1900000
0,5687190,1689649059.835595199,3037,218,1341,1895000,1900000
0,5687824,1689649061.306129180,3037,226,1328,1895000,1900000
0,5687993,1689649061.853016689,3037,227,1309,1895000,1900000
0,5688146,1689649062.386394930,3037,227,1291,1895000,1900000
0,5688364,1689649062.983453549,3037,237,1260,1895000,1900000
0,5691068,1689649068.359403056,3035,13,8,3155000,3160000
0,5696066,1689649080.298901227,2313,40,47,474000,474500
0,5713507,1689649117.482408167,2313,46,39,474000,474500
0,5723990,1689649141.899003091,3037,209,295,1915000,1920000
0,5733870,1689649164.766209245,6213,3,21,787000,788000
0,5735428,1689649168.814103979,2313,17,68,474500,475000
0,5736873,1689649171.681947565,2634,250,129,539000,541000
0,5736746,1689649171.383342853,3035,13,3,3155000,3160000
0,5744026,1689649190.387855051,2634,250,129,539000,541000
0,5745999,1689649194.410834967,2634,248,129,539000,541000
0,5750128,1689649202.380160286,3481,2045,2353,160500,161500
0,5757930,1689649218.148920540,3035,11,8,3170000,3175000
0,5758736,1689649219.857967528,3035,12,2,3170000,3175000
0,5760262,1689649223.057373857,3035,1,24,3175000,3180000
0,5761914,1689649226.436246332,2481,8,3,814000,815000
0,5764725,1689649231.642189516,3035,9,17,3175000,3180000
0,5764871,1689649231.943413299,3035,9,17,3175000,3180000
0,5808685,1689649331.845021830,2368,41,23,1780000,1785000
0,5820888,1689649359.182016619,2313,43,1,474000,474500
0,5820162,1689649357.526399395,2634,253,123,539000,541000
0,5835855,1689649388.953652469,2634,258,123,539000,541000
0,5840547,1689649397.288663822,2313,14,68,474500,475000
0,5851398,1689649422.686113444,2634,258,121,539000,541000
0,5853863,1689649428.774777301,2313,16,21,474500,475000
0,5954418,1689649653.328483676,3035,13,13,3170000,3175000
0,5956887,1689649658.901287806,3037,172,10,1970000,1975000
0,5957316,1689649659.537397427,3037,8,430,1975000,1980000
0,5963305,1689649672.901392353,2379,24,27,4160000,4165000
0,5969098,1689649683.362698759,2371,378,26,507000,508000
0,5969798,1689649684.337572428,3035,14,10,3175000,3180000
0,5978544,1689649701.841901692,8039,8,1,430000,431000
0,6003949,1689649757.997772366,2383,7,7,3310000,3330000
0,6020644,1689649793.439826708,2313,71,46,475000,476000
0,6030439,1689649810.559429187,3035,10,1,3175000,3180000
0,6047217,1689649842.568783798,2313,1,54,475500,476000
0,6062694,1689649874.117754667,3035,8,16,3175000,3180000
0,6111692,1689649991.154116069,2313,50,1,475000,475500
0,6114592,1689649998.130933567,2313,52,44,475000,476000
0,6115465,1689650000.245316427,2313,52,1,475000,475500
0,6115971,1689650001.247620404,2313,52,44,475000,476000
0,6118645,1689650009.123365212,3035,14,28,3175000,3180000
0,6141492,1689650073.256235733,3706,1,34,539000,540000
0,6141571,1689650073.434532652,3706,1,2,537000,539000
0,6141705,1689650073.720171267,3706,7,2,537000,538000
0,6142139,1689650074.861086197,3706,1,3,537000,538000
0,6142382,1689650075.405900895,3706,2,5,537000,538000
0,6143039,1689650077.149486095,3706,167,3,535000,538000
0,6143535,1689650078.766087967,2313,52,33,475000,476000
0,6152748,1689650105.415807333,3706,8,4,537000,538000
0,6159422,1689650122.251110188,2347,41,94,589000,591000
0,6159485,1689650122.343231913,2347,21,94,590000,591000
0,6160978,1689650126.088731539,3706,2,15,537000,538000
0,6161104,1689650126.358425065,3706,29,15,536000,538000
0,6167921,1689650145.036393229,3706,1,9,538000,539000
0,6208233,1689650257.681854642,2481,29,7,813000,815000
0,6270398,1689650414.606241521,2354,32,65,576000,578000
0,6271802,1689650418.749676873,3706,85,3,536000,537000
0,6271866,1689650418.896141678,3706,1,58,537000,538000
0,6286784,1689650460.194599159,1609,2,26,391000,391500
0,6293809,1689650471.754782620,3706,248,10,535000,537000
0,6301586,1689650485.466139722,3706,27,10,534000,535000
0,6303312,1689650489.383875274,3706,86,8,533000,535000
0,6309228,1689650502.615317395,2618,72,621,375500,376000
0,6309372,1689650502.732175985,2618,66,621,375500,376000
0,6312103,1689650508.928554445,3706,1,42,534000,535000
0,6313235,1689650510.910839180,2354,55,1,575000,576000
0,6314620,1689650512.779583910,3673,6,26,406000,406500
0,6317570,1689650519.328370830,2379,8,1,4165000,4170000
0,6388948,1689650684.685585262,4938,45,21,843000,844000
0,6438235,1689650837.232792060,1609,37,22,391000,391500
0,6458299,1689650902.095750712,2371,58,109,508000,509000
0,6469201,1689650945.146260497,4938,10,8,844000,845000
0,6482016,1689650991.491019229,2347,1,51,591000,592000
0,6482159,1689650991.684561736,2347,12,52,591000,592000
0,6490816,1689651019.229459713,2634,753,75,537000,539000
0,6508884,1689651078.667206673,6213,66,2,785000,787000
0,6524022,1689651125.102250457,3443,2,33,18100000,18150000
0,6576528,1689651273.103587975,2634,32,1,538000,539000
0,6576574,1689651273.231666615,2634,20,3,538000,539000
0,6622182,1689651397.939878151,3189,66,86,1210000,1215000
0,6649696,1689651469.672977987,3706,4,6,534000,535000
0,6660030,1689651498.606502282,3706,52,47,534000,536000
0,6731842,1689651711.415720100,3706,100,7,528000,529000
0,6736891,1689651723.487782293,2634,7,61,538000,539000
0,6743809,1689651742.226280710,2368,54,47,1800000,1805000
0,6761996,1689651796.325807582,2603,21,1,996000,997000
0,6782792,1689651866.356954751,2368,21,64,1800000,1805000
0,6802377,1689651934.667972851,3443,15,4,18000000,18050000
0,6863610,1689652124.757643014,3044,67,1,1145000,1150000
0,6872234,1689652154.804833264,2481,59,4,806000,808000
0,6897961,1689652244.260549733,9904,15,101,304000,304500
0,6927386,1689652344.048487899,3035,1,17,3135000,3140000
0,6990379,1689652522.324943490,2610,797,406,251000,252000
0,6997518,1689652542.443730564,2481,101,1,805000,806000
0,7005176,1689652564.101526518,2376,10,18,3060000,3065000
0,7022772,1689652615.585791427,3443,45,25,17900000,18000000
0,7010216,1689652578.357809992,8039,2,1,429000,429500
0,7044309,1689652675.586849983,2481,1,1,803000,804000
0,7046836,1689652683.484934685,2634,465,20,536000,537000
0,7052243,1689652701.670382072,2634,467,16,536000,537000
0,7124854,1689652944.041595398,4938,1,59,847000,848000
0,7132341,1689652971.951159526,4938,26,3,846000,847000
0,7140147,1689652998.658159246,2313,70,8,481000,481500
0,7143482,1689653009.366542090,2481,47,5,802000,804000
0,7154581,1689653045.803922958,2376,12,22,3060000,3065000
0,7170458,1689653095.479861274,2481,6,14,802000,803000
0,7170559,1689653095.772708310,2481,129,14,801000,803000
0,7193683,1689653173.715318799,2376,4,2,3060000,3065000
0,7205811,1689653206.235796182,2376,1,20,3055000,3060000
0,7207854,1689653211.800349431,2376,23,9,3050000,3055000
0,7207889,1689653211.906862922,2376,21,14,3050000,3055000
0,7210216,1689653218.178969175,2355,30,4,361000,362000
0,7209830,1689653217.235756237,2313,86,3,479500,480000
0,7213104,1689653224.817601611,2618,135,528,374500,375000
0,7236988,1689653282.716305396,2481,198,15,800000,802000
0,7239891,1689653290.768005213,9914,1,7,2180000,2185000
0,7270294,1689653377.693470895,2368,2,42,1775000,1780000
0,7299745,1689653455.358461770,2376,7,8,3060000,3065000
0,7348840,1689653611.553190545,2610,972,600,251000,252000
0,7428329,1689653881.879131422,3044,144,32,1145000,1155000
0,7432683,1689653894.469887399,1907,5,51,350000,351000
0,7435186,1689653902.835876267,1907,5,1,349500,350000
0,7436469,1689653906.684620231,1907,9,1,349000,349500
0,7439067,1689653915.131376875,1907,11,1,349000,350000
0,7439087,1689653915.204992840,1907,11,2,349000,350000
0,7443738,1689653928.366131032,1907,1,4,349500,350000
0,7443836,1689653928.625168665,1907,1,14,349500,350500
0,7454964,1689653957.350727086,3706,87,170,516000,517000
0,7476896,1689654016.909334677,6213,6,2,779000,781000
0,7478330,1689654019.996760440,6213,7,3,779000,781000
0,7489388,1689654045.503872581,4938,11,38,831000,832000
0,7502055,1689654077.804399901,1907,1,1,349000,349500
0,7502650,1689654079.338194723,4938,8,32,831000,832000
0,7502958,1689654080.348292655,2376,5,20,3040000,3045000
0,7511259,1689654102.491071917,4938,1,31,831000,832000
0,7516834,1689654118.302884835,4938,334,39,830000,831000
0,7526608,1689654143.261219003,2376,18,19,3040000,3045000
0,7526748,1689654143.566320313,6213,32,4,778000,781000
0,7531163,1689654155.400125848,1504,396,145,530000,531000
0,7557665,1689654225.060267864,2382,50,92,1995000,2000000
0,7570711,1689654261.918724643,4938,48,27,831000,832000
0,7571033,1689654262.923264797,4938,65,36,832000,833000
0,7607964,1689654373.639285469,6213,14,6,778000,779000
0,7645969,1689654497.531540523,6213,7,2,779000,781000
0,7735447,1689654764.659454956,9904,7,2,303500,304000
0,7742557,1689654787.317774357,3711,264,17,1135000,1140000
0,7748066,1689654804.970817169,6257,66,14,584000,586000
0,7761202,1689654846.712678215,2376,41,23,3055000,3060000
0,7788140,1689654930.047773592,2368,87,1,1775000,1780000
0,7789603,1689654933.981135586,2368,81,1,1775000,1780000
0,7790611,1689654937.548549102,2376,32,12,3070000,3075000
0,7878700,1689655216.880568022,2634,12,84,534000,535000
0,7891187,1689655262.481849849,2347,1,77,592000,593000
0,7891403,1689655263.029755663,2313,5,7,479500,480000
0,7909799,1689655326.336524084,2610,809,619,251000,251500
0,7911114,1689655330.592136516,2610,317,633,251500,252000
0,7914772,1689655342.064242804,2347,13,61,591000,593000
0,7922542,1689655366.666116218,2634,275,84,533000,535000
0,7940132,1689655421.327977617,9904,4,1,303500,304000
0,7940297,1689655421.740501068,2347,8,53,591000,593000
0,7971151,1689655518.307880476,2382,271,90,2005000,2010000
0,8016155,1689655652.929792704,3706,168,43,518000,520000
0,8016484,1689655653.804234257,3706,168,16,518000,520000
0,8016890,1689655655.138563202,3706,172,2,518000,520000
0,8017177,1689655655.974620691,3706,28,149,519000,521000
0,8017300,1689655656.447078326,3706,26,151,519000,521000
0,8017927,1689655658.987829765,3706,33,139,519000,521000
0,8024991,1689655681.394261411,3706,168,47,518000,520000
0,8025154,1689655681.736200123,3706,168,20,518000,519000
0,8025934,1689655683.490156205,3706,171,68,518000,520000
0,8027381,1689655687.969365828,3706,1,82,519000,520000
0,8027749,1689655689.206368527,3706,173,81,518000,520000
0,8036136,1689655716.103107844,3706,176,1,518000,519000
0,8039529,1689655727.915036462,2376,31,27,3100000,3105000
0,8053655,1689655776.835165275,2376,11,50,3120000,3125000
0,8057583,1689655789.290272980,2376,36,37,3125000,3130000
0,8057702,1689655789.775595894,2376,33,2,3125000,3130000
0,8064408,1689655811.510399667,2002,29,46,292500,293000
0,8065395,1689655814.887523494,9904,10,8,303500,304000
0,8081819,1689655869.733307764,2376,3,65,3150000,3160000
0,8090487,1689655896.042552771,2382,72,352,2015000,2020000
0,8092690,1689655901.417117698,4938,29,58,838000,840000
0,8092978,1689655902.176449335,4938,4,58,839000,840000
0,8093691,1689655904.442563824,4938,1,61,839000,840000
0,8095316,1689655908.524165002,4938,16,64,838000,840000
0,8095921,1689655910.350099005,4938,1,69,839000,840000
0,8118075,1689655968.555957430,2313,46,1,479000,479500
0,8118656,1689655970.404216562,2610,215,423,251500,252000
0,8118985,1689655971.385297301,2610,306,27,251500,252000
0,8119030,1689655971.490650797,2610,306,13,251500,252000
0,8119258,1689655972.326278248,2610,350,3,251500,252000
0,8122041,1689655980.968898272,2610,22,699,252000,252500
0,8123160,1689655983.869959339,2355,1,39,362500,363000
0,8124288,1689655987.237130866,2313,40,85,479000,480000
0,8125023,1689655988.950088101,2355,27,39,362000,363000
0,8128022,1689655998.567574640,2610,35,668,252000,252500
0,8128575,1689656000.500001971,2355,27,39,362000,363000
0,8143987,1689656042.208076116,6213,2,5,782000,783000
0,8148505,1689656054.349703170,2376,4,22,3155000,3160000
0,8150421,1689656060.093365654,2376,23,1,3150000,3155000
0,8146319,1689656048.713646918,2355,35,44,362000,363000
0,8151693,1689656063.746019194,2376,14,21,3155000,3160000
0,8156960,1689656079.174828056,9904,18,90,303500,304500
0,8157268,1689656080.190595092,9904,1,87,304000,304500
0,8155719,1689656075.147396280,2355,1,45,362500,363000
0,8161075,1689656091.348361396,2355,32,1,362000,362500
0,8163435,1689656099.234221487,2313,37,11,479000,479500
0,8167698,1689656112.408119130,9904,1,81,304000,304500
0,8170182,1689656118.930289608,2610,340,1,251500,252000
0,8179942,1689656144.953280647,4938,23,75,839000,840000
0,8183712,1689656156.084201049,3706,43,149,522000,523000
0,8193045,1689656182.710645749,2354,123,1,573000,574000
0,8206791,1689656223.322930347,6271,7,28,1715000,1720000
0,8241498,1689656339.008616866,2313,55,46,478500,479500
0,8241576,1689656339.258528619,2376,5,4,3140000,3145000
0,8241666,1689656339.519637262,2313,55,6,478500,479000
0,8241739,1689656339.737732943,2376,37,1,3135000,3140000
0,8243394,1689656344.283793293,2376,13,6,3135000,3145000
0,8249008,1689656361.266552304,2376,9,1,3120000,3125000
0,8253665,1689656373.519251542,2376,1,2,3115000,3120000
0,8260821,1689656394.896179688,2355,32,28,362000,362500
0,8276154,1689656429.976182457,2313,52,43,478500,479000
0,8332822,1689656573.934374147,2376,9,5,3110000,3115000
0,8332981,1689656574.240513676,2376,7,4,3110000,3120000
0,8333448,1689656575.352622614,2376,2,35,3120000,3125000
0,8333742,1689656575.809372770,2376,5,6,3110000,3120000
0,8335000,1689656579.020614794,2376,10,16,3115000,3125000
0,8335481,1689656580.234195581,2376,2,16,3115000,3125000
0,8335771,1689656580.819766056,2376,2,3,3115000,3120000
0,8335968,1689656581.217112559,2376,4,3,3115000,3120000
0,8337461,1689656584.403325557,2376,4,6,3115000,3120000
0,8337612,1689656584.734540709,2376,59,6,3110000,3115000
0,8344669,1689656602.122318483,2376,55,3,3110000,3115000
0,8344859,1689656602.651792468,2376,55,2,3110000,3115000
0,8345340,1689656604.000369376,2376,3,23,3115000,3120000
0,8345478,1689656604.336144705,2376,57,11,3110000,3115000
0,8346551,1689656607.076375296,2376,3,19,3115000,3120000
0,8346704,1689656607.417536602,2376,3,4,3115000,3120000
0,8347069,1689656608.282852983,9904,1,66,304000,304500
0,8347690,1689656609.752272328,2376,6,3,3115000,3120000
0,8347937,1689656610.346321198,2376,38,3,3110000,3115000
0,8348201,1689656610.779427377,2376,38,3,3110000,3120000
0,8348697,1689656611.806415977,2376,16,4,3115000,3120000
0,8348843,1689656612.126967758,2376,12,1,3115000,3120000
0,8354322,1689656626.485641138,3035,6,47,3105000,3110000
0,8354669,1689656627.542449187,3044,32,1,1150000,1155000
0,8367513,1689656660.614669272,3044,36,57,1150000,1160000
0,8371733,1689656671.445950976,2376,73,6,3110000,3115000
0,8372146,1689656672.238643048,2376,69,2,3110000,3115000
0,8372245,1689656672.504797338,2376,70,1,3110000,3115000
0,8372685,1689656673.842063782,2376,70,3,3110000,3115000
0,8372974,1689656674.760789900,2376,67,11,3110000,3115000
0,8373992,1689656677.725189822,2449,53,99,629000,630000
0,8374121,1689656678.104563099,2376,68,47,3110000,3120000
0,8374206,1689656678.343868787,2376,68,15,3110000,3115000
0,8374301,1689656678.563729127,2376,69,12,3110000,3115000
0,8374535,1689656679.321524358,2376,69,12,3110000,3115000
0,8375050,1689656680.529999559,2376,69,12,3110000,3115000
0,8375576,1689656681.772147999,2376,69,47,3110000,3120000
0,8376149,1689656683.139134362,2376,69,47,3110000,3120000
0,8374130,1689656678.116381213,8039,1,4,429000,429500
0,8377915,1689656687.850617820,2376,222,1,3100000,3110000
0,8378164,1689656688.515147135,2376,219,3,3100000,3110000
0,8378532,1689656689.734658838,2376,1,1,3105000,3110000
0,8390979,1689656721.299822580,2376,80,5,3105000,3110000
0,8412305,1689656771.833915560,2376,8,11,3110000,3115000
0,8414989,1689656778.359892981,2376,12,2,3110000,3115000
0,8417183,1689656784.700578427,2376,15,6,3110000,3115000
0,8427383,1689656809.105859341,2376,6,47,3115000,3120000
0,8434678,1689656827.465419251,2376,23,9,3110000,3115000
0,8436174,1689656831.072359342,2376,23,5,3110000,3115000
0,8463177,1689656900.120101991,3706,230,22,512000,513000
0,8464531,1689656902.966033084,2376,33,49,3115000,3120000
0,8469975,1689656916.622002251,2376,31,9,3110000,3115000
0,8477440,1689656935.336860931,2376,95,1,3105000,3110000
0,8477770,1689656935.975923554,2376,96,1,3105000,3110000
0,8477870,1689656936.142733901,2376,94,2,3105000,3110000
0,8478169,1689656936.976229419,2376,93,1,3105000,3110000
0,8478576,1689656937.826288294,2376,93,1,3105000,3110000
0,8486598,1689656955.669729536,2376,94,1,3105000,3110000
0,8497584,1689656985.265631472,2376,101,1,3105000,3110000
0,8499871,1689656991.592966717,2376,101,15,3105000,3110000
0,8505257,1689657003.742926083,2376,9,1,3095000,3100000
0,8506629,1689657006.560965775,2481,18,4,798000,799000
0,8505683,1689657004.557007691,3044,73,73,1150000,1160000
0,8509733,1689657014.048496444,2376,23,1,3090000,3095000
0,8510948,1689657016.924930337,6213,1,2,780000,781000
0,8514325,1689657023.690019794,3044,66,71,1150000,1160000
0,8516807,1689657028.374486309,2376,20,1,3090000,3095000
0,8517257,1689657029.269438469,2376,21,1,3090000,3095000
0,8542172,1689657081.062180584,3044,66,1,1150000,1155000
0,8565255,1689657131.294001212,2481,8,41,797000,798000
0,8565334,1689657131.401659042,2481,138,41,796000,797000
0,8585119,1689657175.236199028,2481,156,10,795000,796000
0,8587316,1689657180.098297016,6176,3,86,1105000,1110000
0,8604360,1689657218.219156228,2376,88,31,3105000,3110000
0,8609235,1689657230.646364168,2376,16,40,3105000,3110000
0,8661734,1689657355.180814740,3044,58,1,1150000,1155000
0,8678071,1689657391.545445250,3044,67,45,1150000,1160000
0,8717789,1689657487.582597538,2376,44,18,3105000,3110000
0,8718388,1689657488.795738881,2376,52,4,3105000,3110000
0,8730549,1689657517.434657938,2634,11,136,535000,536000
0,8738794,1689657536.486459295,2313,154,321,479000,480000
0,8738915,1689657536.730923371,2313,154,321,479000,480000
0,8739398,1689657537.323992062,2313,154,321,479000,480000
0,8740912,1689657540.801809424,2379,11,17,4165000,4175000
0,8743946,1689657548.280801860,3042,18,1,907000,908000
0,8745618,1689657552.487428607,2485,21,5,206000,206500
0,8749136,1689657560.211761530,6213,4,4,779000,780000
0,8763540,1689657594.866151936,2344,56,247,283000,283500
0,8775840,1689657618.281225663,3481,78,2214,160500,161000
0,8777227,1689657621.326680910,1907,112,13,349000,349500
0,8804901,1689657680.163357738,2344,160,223,282500,283500
0,8807581,1689657685.900838304,1609,896,159,385000,386000
0,8828836,1689657727.123563919,3008,7,9,22750000,22850000
0,8836401,1689657740.942528286,2634,330,144,533000,535000
0,8845416,1689657756.619306999,2379,10,14,4165000,4170000
